<?xml version="1.0" encoding="utf-8"?>
<gpx xmlns="http://www.topografix.com/GPX/1/1" xmlns:gpxx="http://www.garmin.com/xmlschemas/GpxExtensions/v3" xmlns:wptx1="http://www.garmin.com/xmlschemas/WaypointExtension/v1" xmlns:xsi="http://www.w3.org/2001/XMLSchema-instance" version="1.1" creator="VitaBandet alt day plan" xsi:schemaLocation="http://www.topografix.com/GPX/1/1 http://www.topografix.com/GPX/1/1/gpx.xsd http://www.garmin.com/xmlschemas/GpxExtensions/v3 http://www8.garmin.com/xmlschemas/GpxExtensionsv3.xsd http://www.garmin.com/xmlschemas/WaypointExtension/v1 http://www8.garmin.com/xmlschemas/WaypointExtensionv1.xsd">
  <metadata>
    <name>Vita Bandet 2027 - alt 25 km camps</name>
    <desc>Alternative pacing on 2027.GPX with Mika Tänndalen shortcut. Start 10 Feb 2027. Rest: Storlien, Valsjöbua, Gäddede, Klimpfjäll, Ritsem, Abisko. Hemavan and Jäckvik one overnight. Resupply = 4 h + overnight.</desc>
    <time>2026-09-13T12:00:00Z</time>
  </metadata>
  <wpt lat="62.21683002" lon="12.35376002">
    <ele>781.3</ele>
    <name>A01 · Klacken · 15 km</name>
    <cmt>Day 1 · 15 km (cum 15) · +209 m -261 m · camp 781 m · moved to 15 km</cmt>
    <desc>Day 1 · 15 km (cum 15) · +209 m -261 m · camp 781 m · moved to 15 km</desc>
    <sym>Campground</sym>
    <type>user</type>
    <extensions>
      <gpxx:WaypointExtension>
        <gpxx:DisplayMode>SymbolAndName</gpxx:DisplayMode>
        <gpxx:Categories>
          <gpxx:Category>Camping</gpxx:Category>
        </gpxx:Categories>
      </gpxx:WaypointExtension>
      <wptx1:WaypointExtension>
        <wptx1:DisplayMode>SymbolAndName</wptx1:DisplayMode>
      </wptx1:WaypointExtension>
    </extensions>
  </wpt>
  <wpt lat="62.35716706" lon="12.34442577">
    <ele>762.6</ele>
    <name>A02 · Rötviken · 35.5 km</name>
    <cmt>Day 2 · 20.5 km (cum 35.5) · +36 m -55 m · camp 763 m · moved to 35.5 km</cmt>
    <desc>Day 2 · 20.5 km (cum 35.5) · +36 m -55 m · camp 763 m · moved to 35.5 km</desc>
    <sym>Campground</sym>
    <type>user</type>
    <extensions>
      <gpxx:WaypointExtension>
        <gpxx:DisplayMode>SymbolAndName</gpxx:DisplayMode>
        <gpxx:Categories>
          <gpxx:Category>Camping</gpxx:Category>
        </gpxx:Categories>
      </gpxx:WaypointExtension>
      <wptx1:WaypointExtension>
        <wptx1:DisplayMode>SymbolAndName</wptx1:DisplayMode>
      </wptx1:WaypointExtension>
    </extensions>
  </wpt>
  <wpt lat="62.54804949" lon="12.32342225">
    <ele>748.8</ele>
    <name>A03 · Tänndalen · 60 km</name>
    <cmt>Day 3 · 24.5 km (cum 60) · +370 m -375 m · camp 749 m · on track · km 60</cmt>
    <desc>Day 3 · 24.5 km (cum 60) · +370 m -375 m · camp 749 m · on track · km 60</desc>
    <sym>Campground</sym>
    <type>user</type>
    <extensions>
      <gpxx:WaypointExtension>
        <gpxx:DisplayMode>SymbolAndName</gpxx:DisplayMode>
        <gpxx:Categories>
          <gpxx:Category>Camping</gpxx:Category>
        </gpxx:Categories>
      </gpxx:WaypointExtension>
      <wptx1:WaypointExtension>
        <wptx1:DisplayMode>SymbolAndName</wptx1:DisplayMode>
      </wptx1:WaypointExtension>
    </extensions>
  </wpt>
  <wpt lat="62.72356429" lon="12.32408805">
    <ele>755.4</ele>
    <name>A04 · Camp · 82 km</name>
    <cmt>Day 4 · 22 km (cum 82) · +387 m -376 m · camp 755 m · on track · km 82</cmt>
    <desc>Day 4 · 22 km (cum 82) · +387 m -376 m · camp 755 m · on track · km 82</desc>
    <sym>Campground</sym>
    <type>user</type>
    <extensions>
      <gpxx:WaypointExtension>
        <gpxx:DisplayMode>SymbolAndName</gpxx:DisplayMode>
        <gpxx:Categories>
          <gpxx:Category>Camping</gpxx:Category>
        </gpxx:Categories>
      </gpxx:WaypointExtension>
      <wptx1:WaypointExtension>
        <wptx1:DisplayMode>SymbolAndName</wptx1:DisplayMode>
      </wptx1:WaypointExtension>
    </extensions>
  </wpt>
  <wpt lat="62.91299506" lon="12.50853290">
    <ele>966.0</ele>
    <name>A05 · Helags · 106 km</name>
    <cmt>Day 5 · 24 km (cum 106) · +537 m -326 m · camp 966 m · on track · km 106</cmt>
    <desc>Day 5 · 24 km (cum 106) · +537 m -326 m · camp 966 m · on track · km 106</desc>
    <sym>Campground</sym>
    <type>user</type>
    <extensions>
      <gpxx:WaypointExtension>
        <gpxx:DisplayMode>SymbolAndName</gpxx:DisplayMode>
        <gpxx:Categories>
          <gpxx:Category>Camping</gpxx:Category>
        </gpxx:Categories>
      </gpxx:WaypointExtension>
      <wptx1:WaypointExtension>
        <wptx1:DisplayMode>SymbolAndName</wptx1:DisplayMode>
      </wptx1:WaypointExtension>
    </extensions>
  </wpt>
  <wpt lat="63.06074191" lon="12.27834024">
    <ele>934.9</ele>
    <name>A06 · Gamla Sylen · 128.5 km</name>
    <cmt>Day 6 · 22.5 km (cum 128.5) · +263 m -290 m · camp 935 m · on track · km 128.5</cmt>
    <desc>Day 6 · 22.5 km (cum 128.5) · +263 m -290 m · camp 935 m · on track · km 128.5</desc>
    <sym>Campground</sym>
    <type>user</type>
    <extensions>
      <gpxx:WaypointExtension>
        <gpxx:DisplayMode>SymbolAndName</gpxx:DisplayMode>
        <gpxx:Categories>
          <gpxx:Category>Camping</gpxx:Category>
        </gpxx:Categories>
      </gpxx:WaypointExtension>
      <wptx1:WaypointExtension>
        <wptx1:DisplayMode>SymbolAndName</wptx1:DisplayMode>
      </wptx1:WaypointExtension>
    </extensions>
  </wpt>
  <wpt lat="63.23163770" lon="12.15921309">
    <ele>640.4</ele>
    <name>A07 · Sevedholm · 149 km</name>
    <cmt>Day 7 · 20.5 km (cum 149) · +441 m -720 m · camp 640 m · on track · km 149</cmt>
    <desc>Day 7 · 20.5 km (cum 149) · +441 m -720 m · camp 640 m · on track · km 149</desc>
    <sym>Campground</sym>
    <type>user</type>
    <extensions>
      <gpxx:WaypointExtension>
        <gpxx:DisplayMode>SymbolAndName</gpxx:DisplayMode>
        <gpxx:Categories>
          <gpxx:Category>Camping</gpxx:Category>
        </gpxx:Categories>
      </gpxx:WaypointExtension>
      <wptx1:WaypointExtension>
        <wptx1:DisplayMode>SymbolAndName</wptx1:DisplayMode>
      </wptx1:WaypointExtension>
    </extensions>
  </wpt>
  <wpt lat="63.31290345" lon="12.11117994">
    <ele>601.6</ele>
    <name>A08 D · Storlien · 159 km</name>
    <cmt>Day 8 · 10 km (cum 159) · +142 m -178 m · camp 602 m · D · 4 h resupply · overnight</cmt>
    <desc>Day 8 · 10 km (cum 159) · +142 m -178 m · camp 602 m · D · 4 h resupply · overnight</desc>
    <sym>Flag, Blue</sym>
    <type>user</type>
    <extensions>
      <gpxx:WaypointExtension>
        <gpxx:DisplayMode>SymbolAndName</gpxx:DisplayMode>
        <gpxx:Categories>
          <gpxx:Category>Food</gpxx:Category>
        </gpxx:Categories>
      </gpxx:WaypointExtension>
      <wptx1:WaypointExtension>
        <wptx1:DisplayMode>SymbolAndName</wptx1:DisplayMode>
      </wptx1:WaypointExtension>
    </extensions>
  </wpt>
  <wpt lat="63.31290345" lon="12.11117994">
    <ele>601.6</ele>
    <name>A09 R · Storlien · 159 km</name>
    <cmt>Day 9 · 0 km (cum 159) · +0 m -0 m · camp 602 m · R · rest day</cmt>
    <desc>Day 9 · 0 km (cum 159) · +0 m -0 m · camp 602 m · R · rest day</desc>
    <sym>Lodging</sym>
    <type>user</type>
    <extensions>
      <gpxx:WaypointExtension>
        <gpxx:DisplayMode>SymbolAndName</gpxx:DisplayMode>
        <gpxx:Categories>
          <gpxx:Category>Lodging</gpxx:Category>
        </gpxx:Categories>
      </gpxx:WaypointExtension>
      <wptx1:WaypointExtension>
        <wptx1:DisplayMode>SymbolAndName</wptx1:DisplayMode>
      </wptx1:WaypointExtension>
    </extensions>
  </wpt>
  <wpt lat="63.41600996" lon="12.22657998">
    <ele>616.2</ele>
    <name>A10 · Camp · 178 km</name>
    <cmt>Day 10 · 19 km (cum 178) · +217 m -195 m · camp 616 m · low elev ~616 m</cmt>
    <desc>Day 10 · 19 km (cum 178) · +217 m -195 m · camp 616 m · low elev ~616 m</desc>
    <sym>Campground</sym>
    <type>user</type>
    <extensions>
      <gpxx:WaypointExtension>
        <gpxx:DisplayMode>SymbolAndName</gpxx:DisplayMode>
        <gpxx:Categories>
          <gpxx:Category>Camping</gpxx:Category>
        </gpxx:Categories>
      </gpxx:WaypointExtension>
      <wptx1:WaypointExtension>
        <wptx1:DisplayMode>SymbolAndName</wptx1:DisplayMode>
      </wptx1:WaypointExtension>
    </extensions>
  </wpt>
  <wpt lat="63.60795001" lon="12.38970003">
    <ele>636.6</ele>
    <name>A11 · Camp · 204 km</name>
    <cmt>Day 11 · 26 km (cum 204) · +372 m -352 m · camp 637 m · low elev ~637 m</cmt>
    <desc>Day 11 · 26 km (cum 204) · +372 m -352 m · camp 637 m · low elev ~637 m</desc>
    <sym>Campground</sym>
    <type>user</type>
    <extensions>
      <gpxx:WaypointExtension>
        <gpxx:DisplayMode>SymbolAndName</gpxx:DisplayMode>
        <gpxx:Categories>
          <gpxx:Category>Camping</gpxx:Category>
        </gpxx:Categories>
      </gpxx:WaypointExtension>
      <wptx1:WaypointExtension>
        <wptx1:DisplayMode>SymbolAndName</wptx1:DisplayMode>
      </wptx1:WaypointExtension>
    </extensions>
  </wpt>
  <wpt lat="63.70039998" lon="12.67217000">
    <ele>424.1</ele>
    <name>A12 · Camp · 229 km</name>
    <cmt>Day 12 · 25 km (cum 229) · +59 m -271 m · camp 424 m · low elev ~424 m</cmt>
    <desc>Day 12 · 25 km (cum 229) · +59 m -271 m · camp 424 m · low elev ~424 m</desc>
    <sym>Campground</sym>
    <type>user</type>
    <extensions>
      <gpxx:WaypointExtension>
        <gpxx:DisplayMode>SymbolAndName</gpxx:DisplayMode>
        <gpxx:Categories>
          <gpxx:Category>Camping</gpxx:Category>
        </gpxx:Categories>
      </gpxx:WaypointExtension>
      <wptx1:WaypointExtension>
        <wptx1:DisplayMode>SymbolAndName</wptx1:DisplayMode>
      </wptx1:WaypointExtension>
    </extensions>
  </wpt>
  <wpt lat="63.70620000" lon="13.11927999">
    <ele>394.5</ele>
    <name>A13 · Camp · 254 km</name>
    <cmt>Day 13 · 25 km (cum 254) · +350 m -380 m · camp 394 m · low elev ~395 m</cmt>
    <desc>Day 13 · 25 km (cum 254) · +350 m -380 m · camp 394 m · low elev ~395 m</desc>
    <sym>Campground</sym>
    <type>user</type>
    <extensions>
      <gpxx:WaypointExtension>
        <gpxx:DisplayMode>SymbolAndName</gpxx:DisplayMode>
        <gpxx:Categories>
          <gpxx:Category>Camping</gpxx:Category>
        </gpxx:Categories>
      </gpxx:WaypointExtension>
      <wptx1:WaypointExtension>
        <wptx1:DisplayMode>SymbolAndName</wptx1:DisplayMode>
      </wptx1:WaypointExtension>
    </extensions>
  </wpt>
  <wpt lat="63.69112004" lon="13.59257002">
    <ele>335.9</ele>
    <name>A14 · Camp · 279 km</name>
    <cmt>Day 14 · 25 km (cum 279) · +82 m -141 m · camp 336 m · low elev ~336 m</cmt>
    <desc>Day 14 · 25 km (cum 279) · +82 m -141 m · camp 336 m · low elev ~336 m</desc>
    <sym>Campground</sym>
    <type>user</type>
    <extensions>
      <gpxx:WaypointExtension>
        <gpxx:DisplayMode>SymbolAndName</gpxx:DisplayMode>
        <gpxx:Categories>
          <gpxx:Category>Camping</gpxx:Category>
        </gpxx:Categories>
      </gpxx:WaypointExtension>
      <wptx1:WaypointExtension>
        <wptx1:DisplayMode>SymbolAndName</wptx1:DisplayMode>
      </wptx1:WaypointExtension>
    </extensions>
  </wpt>
  <wpt lat="63.81889997" lon="13.83045003">
    <ele>613.7</ele>
    <name>A15 · Camp · 304 km</name>
    <cmt>Day 15 · 25 km (cum 304) · +397 m -119 m · camp 614 m · low elev ~614 m</cmt>
    <desc>Day 15 · 25 km (cum 304) · +397 m -119 m · camp 614 m · low elev ~614 m</desc>
    <sym>Campground</sym>
    <type>user</type>
    <extensions>
      <gpxx:WaypointExtension>
        <gpxx:DisplayMode>SymbolAndName</gpxx:DisplayMode>
        <gpxx:Categories>
          <gpxx:Category>Camping</gpxx:Category>
        </gpxx:Categories>
      </gpxx:WaypointExtension>
      <wptx1:WaypointExtension>
        <wptx1:DisplayMode>SymbolAndName</wptx1:DisplayMode>
      </wptx1:WaypointExtension>
    </extensions>
  </wpt>
  <wpt lat="63.99762000" lon="13.98700998">
    <ele>379.0</ele>
    <name>A16 · Camp · 328 km</name>
    <cmt>Day 16 · 24 km (cum 328) · +50 m -285 m · camp 379 m · low elev ~379 m</cmt>
    <desc>Day 16 · 24 km (cum 328) · +50 m -285 m · camp 379 m · low elev ~379 m</desc>
    <sym>Campground</sym>
    <type>user</type>
    <extensions>
      <gpxx:WaypointExtension>
        <gpxx:DisplayMode>SymbolAndName</gpxx:DisplayMode>
        <gpxx:Categories>
          <gpxx:Category>Camping</gpxx:Category>
        </gpxx:Categories>
      </gpxx:WaypointExtension>
      <wptx1:WaypointExtension>
        <wptx1:DisplayMode>SymbolAndName</wptx1:DisplayMode>
      </wptx1:WaypointExtension>
    </extensions>
  </wpt>
  <wpt lat="64.06697002" lon="14.14134999">
    <ele>340.6</ele>
    <name>A17 D · Valsjöbua · 341 km</name>
    <cmt>Day 17 · 13 km (cum 341) · +192 m -230 m · camp 341 m · D · 4 h resupply · overnight</cmt>
    <desc>Day 17 · 13 km (cum 341) · +192 m -230 m · camp 341 m · D · 4 h resupply · overnight</desc>
    <sym>Flag, Blue</sym>
    <type>user</type>
    <extensions>
      <gpxx:WaypointExtension>
        <gpxx:DisplayMode>SymbolAndName</gpxx:DisplayMode>
        <gpxx:Categories>
          <gpxx:Category>Food</gpxx:Category>
        </gpxx:Categories>
      </gpxx:WaypointExtension>
      <wptx1:WaypointExtension>
        <wptx1:DisplayMode>SymbolAndName</wptx1:DisplayMode>
      </wptx1:WaypointExtension>
    </extensions>
  </wpt>
  <wpt lat="64.06697002" lon="14.14134999">
    <ele>340.6</ele>
    <name>A18 R · Valsjöbua · 341 km</name>
    <cmt>Day 18 · 0 km (cum 341) · +0 m -0 m · camp 341 m · R · rest day</cmt>
    <desc>Day 18 · 0 km (cum 341) · +0 m -0 m · camp 341 m · R · rest day</desc>
    <sym>Lodging</sym>
    <type>user</type>
    <extensions>
      <gpxx:WaypointExtension>
        <gpxx:DisplayMode>SymbolAndName</gpxx:DisplayMode>
        <gpxx:Categories>
          <gpxx:Category>Lodging</gpxx:Category>
        </gpxx:Categories>
      </gpxx:WaypointExtension>
      <wptx1:WaypointExtension>
        <wptx1:DisplayMode>SymbolAndName</wptx1:DisplayMode>
      </wptx1:WaypointExtension>
    </extensions>
  </wpt>
  <wpt lat="64.25490998" lon="14.33861003">
    <ele>762.2</ele>
    <name>A19 · Camp · 367 km</name>
    <cmt>Day 19 · 26 km (cum 367) · +657 m -236 m · camp 762 m · low elev ~762 m</cmt>
    <desc>Day 19 · 26 km (cum 367) · +657 m -236 m · camp 762 m · low elev ~762 m</desc>
    <sym>Campground</sym>
    <type>user</type>
    <extensions>
      <gpxx:WaypointExtension>
        <gpxx:DisplayMode>SymbolAndName</gpxx:DisplayMode>
        <gpxx:Categories>
          <gpxx:Category>Camping</gpxx:Category>
        </gpxx:Categories>
      </gpxx:WaypointExtension>
      <wptx1:WaypointExtension>
        <wptx1:DisplayMode>SymbolAndName</wptx1:DisplayMode>
      </wptx1:WaypointExtension>
    </extensions>
  </wpt>
  <wpt lat="64.41436001" lon="14.28495001">
    <ele>292.1</ele>
    <name>A20 · Camp · 392 km</name>
    <cmt>Day 20 · 25 km (cum 392) · +161 m -631 m · camp 292 m · low elev ~292 m</cmt>
    <desc>Day 20 · 25 km (cum 392) · +161 m -631 m · camp 292 m · low elev ~292 m</desc>
    <sym>Campground</sym>
    <type>user</type>
    <extensions>
      <gpxx:WaypointExtension>
        <gpxx:DisplayMode>SymbolAndName</gpxx:DisplayMode>
        <gpxx:Categories>
          <gpxx:Category>Camping</gpxx:Category>
        </gpxx:Categories>
      </gpxx:WaypointExtension>
      <wptx1:WaypointExtension>
        <wptx1:DisplayMode>SymbolAndName</wptx1:DisplayMode>
      </wptx1:WaypointExtension>
    </extensions>
  </wpt>
  <wpt lat="64.50329997" lon="14.15103000">
    <ele>311.2</ele>
    <name>A21 D · Gäddede · 409 km</name>
    <cmt>Day 21 · 17 km (cum 409) · +234 m -215 m · camp 311 m · D · 4 h resupply · overnight</cmt>
    <desc>Day 21 · 17 km (cum 409) · +234 m -215 m · camp 311 m · D · 4 h resupply · overnight</desc>
    <sym>Flag, Blue</sym>
    <type>user</type>
    <extensions>
      <gpxx:WaypointExtension>
        <gpxx:DisplayMode>SymbolAndName</gpxx:DisplayMode>
        <gpxx:Categories>
          <gpxx:Category>Food</gpxx:Category>
        </gpxx:Categories>
      </gpxx:WaypointExtension>
      <wptx1:WaypointExtension>
        <wptx1:DisplayMode>SymbolAndName</wptx1:DisplayMode>
      </wptx1:WaypointExtension>
    </extensions>
  </wpt>
  <wpt lat="64.50329997" lon="14.15103000">
    <ele>311.2</ele>
    <name>A22 R · Gäddede · 409 km</name>
    <cmt>Day 22 · 0 km (cum 409) · +0 m -0 m · camp 311 m · R · rest day</cmt>
    <desc>Day 22 · 0 km (cum 409) · +0 m -0 m · camp 311 m · R · rest day</desc>
    <sym>Lodging</sym>
    <type>user</type>
    <extensions>
      <gpxx:WaypointExtension>
        <gpxx:DisplayMode>SymbolAndName</gpxx:DisplayMode>
        <gpxx:Categories>
          <gpxx:Category>Lodging</gpxx:Category>
        </gpxx:Categories>
      </gpxx:WaypointExtension>
      <wptx1:WaypointExtension>
        <wptx1:DisplayMode>SymbolAndName</wptx1:DisplayMode>
      </wptx1:WaypointExtension>
    </extensions>
  </wpt>
  <wpt lat="64.69819003" lon="14.20190999">
    <ele>422.7</ele>
    <name>A23 · Camp · 434 km</name>
    <cmt>Day 23 · 25 km (cum 434) · +139 m -27 m · camp 423 m · low elev ~423 m</cmt>
    <desc>Day 23 · 25 km (cum 434) · +139 m -27 m · camp 423 m · low elev ~423 m</desc>
    <sym>Campground</sym>
    <type>user</type>
    <extensions>
      <gpxx:WaypointExtension>
        <gpxx:DisplayMode>SymbolAndName</gpxx:DisplayMode>
        <gpxx:Categories>
          <gpxx:Category>Camping</gpxx:Category>
        </gpxx:Categories>
      </gpxx:WaypointExtension>
      <wptx1:WaypointExtension>
        <wptx1:DisplayMode>SymbolAndName</wptx1:DisplayMode>
      </wptx1:WaypointExtension>
    </extensions>
  </wpt>
  <wpt lat="64.85369998" lon="14.41330997">
    <ele>575.6</ele>
    <name>A24 · Camp · 459 km</name>
    <cmt>Day 24 · 25 km (cum 459) · +250 m -97 m · camp 576 m · low elev ~576 m</cmt>
    <desc>Day 24 · 25 km (cum 459) · +250 m -97 m · camp 576 m · low elev ~576 m</desc>
    <sym>Campground</sym>
    <type>user</type>
    <extensions>
      <gpxx:WaypointExtension>
        <gpxx:DisplayMode>SymbolAndName</gpxx:DisplayMode>
        <gpxx:Categories>
          <gpxx:Category>Camping</gpxx:Category>
        </gpxx:Categories>
      </gpxx:WaypointExtension>
      <wptx1:WaypointExtension>
        <wptx1:DisplayMode>SymbolAndName</wptx1:DisplayMode>
      </wptx1:WaypointExtension>
    </extensions>
  </wpt>
  <wpt lat="64.99038996" lon="14.72336998">
    <ele>842.4</ele>
    <name>A25 · Camp · 484 km</name>
    <cmt>Day 25 · 25 km (cum 484) · +535 m -268 m · camp 842 m · low elev ~842 m</cmt>
    <desc>Day 25 · 25 km (cum 484) · +535 m -268 m · camp 842 m · low elev ~842 m</desc>
    <sym>Campground</sym>
    <type>user</type>
    <extensions>
      <gpxx:WaypointExtension>
        <gpxx:DisplayMode>SymbolAndName</gpxx:DisplayMode>
        <gpxx:Categories>
          <gpxx:Category>Camping</gpxx:Category>
        </gpxx:Categories>
      </gpxx:WaypointExtension>
      <wptx1:WaypointExtension>
        <wptx1:DisplayMode>SymbolAndName</wptx1:DisplayMode>
      </wptx1:WaypointExtension>
    </extensions>
  </wpt>
  <wpt lat="65.05291410" lon="14.76999038">
    <ele>540.6</ele>
    <name>A26 D · Klimpfjäll · 492 km</name>
    <cmt>Day 26 · 8 km (cum 492) · +45 m -353 m · camp 541 m · D · overnight · Handlar'n (skip fuel)</cmt>
    <desc>Day 26 · 8 km (cum 492) · +45 m -353 m · camp 541 m · D · overnight · Handlar'n (skip fuel)</desc>
    <sym>Flag, Blue</sym>
    <type>user</type>
    <extensions>
      <gpxx:WaypointExtension>
        <gpxx:DisplayMode>SymbolAndName</gpxx:DisplayMode>
        <gpxx:Categories>
          <gpxx:Category>Food</gpxx:Category>
        </gpxx:Categories>
      </gpxx:WaypointExtension>
      <wptx1:WaypointExtension>
        <wptx1:DisplayMode>SymbolAndName</wptx1:DisplayMode>
      </wptx1:WaypointExtension>
    </extensions>
  </wpt>
  <wpt lat="65.05291410" lon="14.76999038">
    <ele>540.6</ele>
    <name>A27 R · Klimpfjäll · 492 km</name>
    <cmt>Day 27 · 0 km (cum 492) · +0 m -0 m · camp 541 m · R · rest day</cmt>
    <desc>Day 27 · 0 km (cum 492) · +0 m -0 m · camp 541 m · R · rest day</desc>
    <sym>Lodging</sym>
    <type>user</type>
    <extensions>
      <gpxx:WaypointExtension>
        <gpxx:DisplayMode>SymbolAndName</gpxx:DisplayMode>
        <gpxx:Categories>
          <gpxx:Category>Lodging</gpxx:Category>
        </gpxx:Categories>
      </gpxx:WaypointExtension>
      <wptx1:WaypointExtension>
        <wptx1:DisplayMode>SymbolAndName</wptx1:DisplayMode>
      </wptx1:WaypointExtension>
    </extensions>
  </wpt>
  <wpt lat="65.14999799" lon="14.67251304">
    <ele>775.6</ele>
    <name>A28 · Camp · 509 km</name>
    <cmt>Day 28 · 17 km (cum 509) · +547 m -304 m · camp 776 m · low elev ~776 m</cmt>
    <desc>Day 28 · 17 km (cum 509) · +547 m -304 m · camp 776 m · low elev ~776 m</desc>
    <sym>Campground</sym>
    <type>user</type>
    <extensions>
      <gpxx:WaypointExtension>
        <gpxx:DisplayMode>SymbolAndName</gpxx:DisplayMode>
        <gpxx:Categories>
          <gpxx:Category>Camping</gpxx:Category>
        </gpxx:Categories>
      </gpxx:WaypointExtension>
      <wptx1:WaypointExtension>
        <wptx1:DisplayMode>SymbolAndName</wptx1:DisplayMode>
      </wptx1:WaypointExtension>
    </extensions>
  </wpt>
  <wpt lat="65.30387297" lon="14.60325203">
    <ele>612.8</ele>
    <name>A29 · Atnikstugan · 533 km</name>
    <cmt>Day 29 · 24 km (cum 533) · +268 m -431 m · camp 613 m · snap to named pin</cmt>
    <desc>Day 29 · 24 km (cum 533) · +268 m -431 m · camp 613 m · snap to named pin</desc>
    <sym>Campground</sym>
    <type>user</type>
    <extensions>
      <gpxx:WaypointExtension>
        <gpxx:DisplayMode>SymbolAndName</gpxx:DisplayMode>
        <gpxx:Categories>
          <gpxx:Category>Camping</gpxx:Category>
        </gpxx:Categories>
      </gpxx:WaypointExtension>
      <wptx1:WaypointExtension>
        <wptx1:DisplayMode>SymbolAndName</wptx1:DisplayMode>
      </wptx1:WaypointExtension>
    </extensions>
  </wpt>
  <wpt lat="65.41884704" lon="14.76285000">
    <ele>557.0</ele>
    <name>A30 · Camp · 558 km</name>
    <cmt>Day 30 · 25 km (cum 558) · +409 m -465 m · camp 557 m · low elev ~557 m</cmt>
    <desc>Day 30 · 25 km (cum 558) · +409 m -465 m · camp 557 m · low elev ~557 m</desc>
    <sym>Campground</sym>
    <type>user</type>
    <extensions>
      <gpxx:WaypointExtension>
        <gpxx:DisplayMode>SymbolAndName</gpxx:DisplayMode>
        <gpxx:Categories>
          <gpxx:Category>Camping</gpxx:Category>
        </gpxx:Categories>
      </gpxx:WaypointExtension>
      <wptx1:WaypointExtension>
        <wptx1:DisplayMode>SymbolAndName</wptx1:DisplayMode>
      </wptx1:WaypointExtension>
    </extensions>
  </wpt>
  <wpt lat="65.51679703" lon="14.55282097">
    <ele>718.3</ele>
    <name>A31 · Tärnaby west · 582 km</name>
    <cmt>Day 31 · 24 km (cum 582) · +830 m -669 m · camp 718 m · snap to named pin</cmt>
    <desc>Day 31 · 24 km (cum 582) · +830 m -669 m · camp 718 m · snap to named pin</desc>
    <sym>Campground</sym>
    <type>user</type>
    <extensions>
      <gpxx:WaypointExtension>
        <gpxx:DisplayMode>SymbolAndName</gpxx:DisplayMode>
        <gpxx:Categories>
          <gpxx:Category>Camping</gpxx:Category>
        </gpxx:Categories>
      </gpxx:WaypointExtension>
      <wptx1:WaypointExtension>
        <wptx1:DisplayMode>SymbolAndName</wptx1:DisplayMode>
      </wptx1:WaypointExtension>
    </extensions>
  </wpt>
  <wpt lat="65.72093502" lon="14.61204800">
    <ele>487.5</ele>
    <name>A32 · Camp · 607 km</name>
    <cmt>Day 32 · 25 km (cum 607) · +510 m -741 m · camp 488 m · low elev ~488 m</cmt>
    <desc>Day 32 · 25 km (cum 607) · +510 m -741 m · camp 488 m · low elev ~488 m</desc>
    <sym>Campground</sym>
    <type>user</type>
    <extensions>
      <gpxx:WaypointExtension>
        <gpxx:DisplayMode>SymbolAndName</gpxx:DisplayMode>
        <gpxx:Categories>
          <gpxx:Category>Camping</gpxx:Category>
        </gpxx:Categories>
      </gpxx:WaypointExtension>
      <wptx1:WaypointExtension>
        <wptx1:DisplayMode>SymbolAndName</wptx1:DisplayMode>
      </wptx1:WaypointExtension>
    </extensions>
  </wpt>
  <wpt lat="65.77246796" lon="15.00371698">
    <ele>654.4</ele>
    <name>A33 · Camp · 633 km</name>
    <cmt>Day 33 · 26 km (cum 633) · +643 m -476 m · camp 654 m · low elev ~654 m</cmt>
    <desc>Day 33 · 26 km (cum 633) · +643 m -476 m · camp 654 m · low elev ~654 m</desc>
    <sym>Campground</sym>
    <type>user</type>
    <extensions>
      <gpxx:WaypointExtension>
        <gpxx:DisplayMode>SymbolAndName</gpxx:DisplayMode>
        <gpxx:Categories>
          <gpxx:Category>Camping</gpxx:Category>
        </gpxx:Categories>
      </gpxx:WaypointExtension>
      <wptx1:WaypointExtension>
        <wptx1:DisplayMode>SymbolAndName</wptx1:DisplayMode>
      </wptx1:WaypointExtension>
    </extensions>
  </wpt>
  <wpt lat="65.82922996" lon="15.09828002">
    <ele>728.2</ele>
    <name>A34 D · Hemavan · 646 km</name>
    <cmt>Day 34 · 13 km (cum 646) · +274 m -201 m · camp 728 m · D · 4 h resupply · overnight · Klaartje meets</cmt>
    <desc>Day 34 · 13 km (cum 646) · +274 m -201 m · camp 728 m · D · 4 h resupply · overnight · Klaartje meets</desc>
    <sym>Flag, Blue</sym>
    <type>user</type>
    <extensions>
      <gpxx:WaypointExtension>
        <gpxx:DisplayMode>SymbolAndName</gpxx:DisplayMode>
        <gpxx:Categories>
          <gpxx:Category>Food</gpxx:Category>
        </gpxx:Categories>
      </gpxx:WaypointExtension>
      <wptx1:WaypointExtension>
        <wptx1:DisplayMode>SymbolAndName</wptx1:DisplayMode>
      </wptx1:WaypointExtension>
    </extensions>
  </wpt>
  <wpt lat="65.93176997" lon="15.46772003">
    <ele>604.9</ele>
    <name>A35 · Camp · 671 km</name>
    <cmt>Day 35 · 25 km (cum 671) · +323 m -446 m · camp 605 m · with Klaartje · low elev ~605 m</cmt>
    <desc>Day 35 · 25 km (cum 671) · +323 m -446 m · camp 605 m · with Klaartje · low elev ~605 m</desc>
    <sym>Campground</sym>
    <type>user</type>
    <extensions>
      <gpxx:WaypointExtension>
        <gpxx:DisplayMode>SymbolAndName</gpxx:DisplayMode>
        <gpxx:Categories>
          <gpxx:Category>Camping</gpxx:Category>
        </gpxx:Categories>
      </gpxx:WaypointExtension>
      <wptx1:WaypointExtension>
        <wptx1:DisplayMode>SymbolAndName</wptx1:DisplayMode>
      </wptx1:WaypointExtension>
    </extensions>
  </wpt>
  <wpt lat="65.97210998" lon="15.76256999">
    <ele>695.3</ele>
    <name>A36 · Situjaure approach · 695 km</name>
    <cmt>Day 36 · 24 km (cum 695) · +269 m -179 m · camp 695 m · snap to named pin</cmt>
    <desc>Day 36 · 24 km (cum 695) · +269 m -179 m · camp 695 m · snap to named pin</desc>
    <sym>Campground</sym>
    <type>user</type>
    <extensions>
      <gpxx:WaypointExtension>
        <gpxx:DisplayMode>SymbolAndName</gpxx:DisplayMode>
        <gpxx:Categories>
          <gpxx:Category>Camping</gpxx:Category>
        </gpxx:Categories>
      </gpxx:WaypointExtension>
      <wptx1:WaypointExtension>
        <wptx1:DisplayMode>SymbolAndName</wptx1:DisplayMode>
      </wptx1:WaypointExtension>
    </extensions>
  </wpt>
  <wpt lat="65.98818001" lon="16.20163000">
    <ele>431.8</ele>
    <name>A37 · Camp · 721 km</name>
    <cmt>Day 37 · 26 km (cum 721) · +71 m -334 m · camp 432 m · low elev ~432 m</cmt>
    <desc>Day 37 · 26 km (cum 721) · +71 m -334 m · camp 432 m · low elev ~432 m</desc>
    <sym>Campground</sym>
    <type>user</type>
    <extensions>
      <gpxx:WaypointExtension>
        <gpxx:DisplayMode>SymbolAndName</gpxx:DisplayMode>
        <gpxx:Categories>
          <gpxx:Category>Camping</gpxx:Category>
        </gpxx:Categories>
      </gpxx:WaypointExtension>
      <wptx1:WaypointExtension>
        <wptx1:DisplayMode>SymbolAndName</wptx1:DisplayMode>
      </wptx1:WaypointExtension>
    </extensions>
  </wpt>
  <wpt lat="66.17045003" lon="16.35988000">
    <ele>723.1</ele>
    <name>A38 · Camp · 745 km</name>
    <cmt>Day 38 · 24 km (cum 745) · +540 m -249 m · camp 723 m · low elev ~723 m</cmt>
    <desc>Day 38 · 24 km (cum 745) · +540 m -249 m · camp 723 m · low elev ~723 m</desc>
    <sym>Campground</sym>
    <type>user</type>
    <extensions>
      <gpxx:WaypointExtension>
        <gpxx:DisplayMode>SymbolAndName</gpxx:DisplayMode>
        <gpxx:Categories>
          <gpxx:Category>Camping</gpxx:Category>
        </gpxx:Categories>
      </gpxx:WaypointExtension>
      <wptx1:WaypointExtension>
        <wptx1:DisplayMode>SymbolAndName</wptx1:DisplayMode>
      </wptx1:WaypointExtension>
    </extensions>
  </wpt>
  <wpt lat="66.27874020" lon="16.66072394">
    <ele>479.3</ele>
    <name>A39 · Adolfström Camping · 769 km</name>
    <cmt>Day 39 · 24 km (cum 769) · +129 m -373 m · camp 479 m · snap to named pin</cmt>
    <desc>Day 39 · 24 km (cum 769) · +129 m -373 m · camp 479 m · snap to named pin</desc>
    <sym>Campground</sym>
    <type>user</type>
    <extensions>
      <gpxx:WaypointExtension>
        <gpxx:DisplayMode>SymbolAndName</gpxx:DisplayMode>
        <gpxx:Categories>
          <gpxx:Category>Camping</gpxx:Category>
        </gpxx:Categories>
      </gpxx:WaypointExtension>
      <wptx1:WaypointExtension>
        <wptx1:DisplayMode>SymbolAndName</wptx1:DisplayMode>
      </wptx1:WaypointExtension>
    </extensions>
  </wpt>
  <wpt lat="66.37609843" lon="16.98278222">
    <ele>439.0</ele>
    <name>A40 D · Jäckvik · 790 km</name>
    <cmt>Day 40 · 21 km (cum 790) · +450 m -481 m · camp 439 m · D · overnight · ICA (skip fuel)</cmt>
    <desc>Day 40 · 21 km (cum 790) · +450 m -481 m · camp 439 m · D · overnight · ICA (skip fuel)</desc>
    <sym>Flag, Blue</sym>
    <type>user</type>
    <extensions>
      <gpxx:WaypointExtension>
        <gpxx:DisplayMode>SymbolAndName</gpxx:DisplayMode>
        <gpxx:Categories>
          <gpxx:Category>Food</gpxx:Category>
        </gpxx:Categories>
      </gpxx:WaypointExtension>
      <wptx1:WaypointExtension>
        <wptx1:DisplayMode>SymbolAndName</wptx1:DisplayMode>
      </wptx1:WaypointExtension>
    </extensions>
  </wpt>
  <wpt lat="66.56291999" lon="17.23217997">
    <ele>613.0</ele>
    <name>A41 · Vuonatjluokta · 815 km</name>
    <cmt>Day 41 · 25 km (cum 815) · +359 m -195 m · camp 613 m · snap to named pin</cmt>
    <desc>Day 41 · 25 km (cum 815) · +359 m -195 m · camp 613 m · snap to named pin</desc>
    <sym>Campground</sym>
    <type>user</type>
    <extensions>
      <gpxx:WaypointExtension>
        <gpxx:DisplayMode>SymbolAndName</gpxx:DisplayMode>
        <gpxx:Categories>
          <gpxx:Category>Camping</gpxx:Category>
        </gpxx:Categories>
      </gpxx:WaypointExtension>
      <wptx1:WaypointExtension>
        <wptx1:DisplayMode>SymbolAndName</wptx1:DisplayMode>
      </wptx1:WaypointExtension>
    </extensions>
  </wpt>
  <wpt lat="66.66201001" lon="17.41845000">
    <ele>449.9</ele>
    <name>A42 · Suddumsuolo · 836.4 km</name>
    <cmt>Day 42 · 21.4 km (cum 836.4) · +213 m -376 m · camp 450 m · snap to named pin</cmt>
    <desc>Day 42 · 21.4 km (cum 836.4) · +213 m -376 m · camp 450 m · snap to named pin</desc>
    <sym>Campground</sym>
    <type>user</type>
    <extensions>
      <gpxx:WaypointExtension>
        <gpxx:DisplayMode>SymbolAndName</gpxx:DisplayMode>
        <gpxx:Categories>
          <gpxx:Category>Camping</gpxx:Category>
        </gpxx:Categories>
      </gpxx:WaypointExtension>
      <wptx1:WaypointExtension>
        <wptx1:DisplayMode>SymbolAndName</wptx1:DisplayMode>
      </wptx1:WaypointExtension>
    </extensions>
  </wpt>
  <wpt lat="66.84492996" lon="17.58919003">
    <ele>618.0</ele>
    <name>A43 · Tsielekjäkkstugan · 861 km</name>
    <cmt>Day 43 · 24.6 km (cum 861) · +487 m -319 m · camp 618 m · snap to named pin</cmt>
    <desc>Day 43 · 24.6 km (cum 861) · +487 m -319 m · camp 618 m · snap to named pin</desc>
    <sym>Campground</sym>
    <type>user</type>
    <extensions>
      <gpxx:WaypointExtension>
        <gpxx:DisplayMode>SymbolAndName</gpxx:DisplayMode>
        <gpxx:Categories>
          <gpxx:Category>Camping</gpxx:Category>
        </gpxx:Categories>
      </gpxx:WaypointExtension>
      <wptx1:WaypointExtension>
        <wptx1:DisplayMode>SymbolAndName</wptx1:DisplayMode>
      </wptx1:WaypointExtension>
    </extensions>
  </wpt>
  <wpt lat="66.95383997" lon="17.71991001">
    <ele>311.3</ele>
    <name>A44 D · Kvikkjokk · 883 km</name>
    <cmt>Day 44 · 22 km (cum 883) · +184 m -485 m · camp 311 m · D · 4 h resupply · overnight · Klaartje out</cmt>
    <desc>Day 44 · 22 km (cum 883) · +184 m -485 m · camp 311 m · D · 4 h resupply · overnight · Klaartje out</desc>
    <sym>Flag, Blue</sym>
    <type>user</type>
    <extensions>
      <gpxx:WaypointExtension>
        <gpxx:DisplayMode>SymbolAndName</gpxx:DisplayMode>
        <gpxx:Categories>
          <gpxx:Category>Food</gpxx:Category>
        </gpxx:Categories>
      </gpxx:WaypointExtension>
      <wptx1:WaypointExtension>
        <wptx1:DisplayMode>SymbolAndName</wptx1:DisplayMode>
      </wptx1:WaypointExtension>
    </extensions>
  </wpt>
  <wpt lat="66.99908640" lon="17.26074910">
    <ele>504.4</ele>
    <name>A45 · Camp · 908 km</name>
    <cmt>Day 45 · 25 km (cum 908) · +218 m -25 m · camp 504 m · low elev ~504 m</cmt>
    <desc>Day 45 · 25 km (cum 908) · +218 m -25 m · camp 504 m · low elev ~504 m</desc>
    <sym>Campground</sym>
    <type>user</type>
    <extensions>
      <gpxx:WaypointExtension>
        <gpxx:DisplayMode>SymbolAndName</gpxx:DisplayMode>
        <gpxx:Categories>
          <gpxx:Category>Camping</gpxx:Category>
        </gpxx:Categories>
      </gpxx:WaypointExtension>
      <wptx1:WaypointExtension>
        <wptx1:DisplayMode>SymbolAndName</wptx1:DisplayMode>
      </wptx1:WaypointExtension>
    </extensions>
  </wpt>
  <wpt lat="67.19283141" lon="17.12325202">
    <ele>711.8</ele>
    <name>A46 · Camp · 933 km</name>
    <cmt>Day 46 · 25 km (cum 933) · +232 m -24 m · camp 712 m · low elev ~712 m</cmt>
    <desc>Day 46 · 25 km (cum 933) · +232 m -24 m · camp 712 m · low elev ~712 m</desc>
    <sym>Campground</sym>
    <type>user</type>
    <extensions>
      <gpxx:WaypointExtension>
        <gpxx:DisplayMode>SymbolAndName</gpxx:DisplayMode>
        <gpxx:Categories>
          <gpxx:Category>Camping</gpxx:Category>
        </gpxx:Categories>
      </gpxx:WaypointExtension>
      <wptx1:WaypointExtension>
        <wptx1:DisplayMode>SymbolAndName</wptx1:DisplayMode>
      </wptx1:WaypointExtension>
    </extensions>
  </wpt>
  <wpt lat="67.36431853" lon="17.17091873">
    <ele>734.5</ele>
    <name>A47 · Camp · 958 km</name>
    <cmt>Day 47 · 25 km (cum 958) · +305 m -282 m · camp 734 m · low elev ~735 m</cmt>
    <desc>Day 47 · 25 km (cum 958) · +305 m -282 m · camp 734 m · low elev ~735 m</desc>
    <sym>Campground</sym>
    <type>user</type>
    <extensions>
      <gpxx:WaypointExtension>
        <gpxx:DisplayMode>SymbolAndName</gpxx:DisplayMode>
        <gpxx:Categories>
          <gpxx:Category>Camping</gpxx:Category>
        </gpxx:Categories>
      </gpxx:WaypointExtension>
      <wptx1:WaypointExtension>
        <wptx1:DisplayMode>SymbolAndName</wptx1:DisplayMode>
      </wptx1:WaypointExtension>
    </extensions>
  </wpt>
  <wpt lat="67.55944152" lon="17.20378275">
    <ele>588.4</ele>
    <name>A48 · Kisurgis · 982 km</name>
    <cmt>Day 48 · 24 km (cum 982) · +134 m -280 m · camp 588 m · snap to named pin</cmt>
    <desc>Day 48 · 24 km (cum 982) · +134 m -280 m · camp 588 m · snap to named pin</desc>
    <sym>Campground</sym>
    <type>user</type>
    <extensions>
      <gpxx:WaypointExtension>
        <gpxx:DisplayMode>SymbolAndName</gpxx:DisplayMode>
        <gpxx:Categories>
          <gpxx:Category>Camping</gpxx:Category>
        </gpxx:Categories>
      </gpxx:WaypointExtension>
      <wptx1:WaypointExtension>
        <wptx1:DisplayMode>SymbolAndName</wptx1:DisplayMode>
      </wptx1:WaypointExtension>
    </extensions>
  </wpt>
  <wpt lat="67.72235546" lon="17.46912346">
    <ele>502.8</ele>
    <name>A49 D · Ritsem · 1009 km</name>
    <cmt>Day 49 · 27 km (cum 1009) · +130 m -216 m · camp 503 m · D · 4 h resupply · overnight</cmt>
    <desc>Day 49 · 27 km (cum 1009) · +130 m -216 m · camp 503 m · D · 4 h resupply · overnight</desc>
    <sym>Flag, Blue</sym>
    <type>user</type>
    <extensions>
      <gpxx:WaypointExtension>
        <gpxx:DisplayMode>SymbolAndName</gpxx:DisplayMode>
        <gpxx:Categories>
          <gpxx:Category>Food</gpxx:Category>
        </gpxx:Categories>
      </gpxx:WaypointExtension>
      <wptx1:WaypointExtension>
        <wptx1:DisplayMode>SymbolAndName</wptx1:DisplayMode>
      </wptx1:WaypointExtension>
    </extensions>
  </wpt>
  <wpt lat="67.72235546" lon="17.46912346">
    <ele>502.8</ele>
    <name>A50 R · Ritsem · 1009 km</name>
    <cmt>Day 50 · 0 km (cum 1009) · +0 m -0 m · camp 503 m · R · rest day</cmt>
    <desc>Day 50 · 0 km (cum 1009) · +0 m -0 m · camp 503 m · R · rest day</desc>
    <sym>Lodging</sym>
    <type>user</type>
    <extensions>
      <gpxx:WaypointExtension>
        <gpxx:DisplayMode>SymbolAndName</gpxx:DisplayMode>
        <gpxx:Categories>
          <gpxx:Category>Lodging</gpxx:Category>
        </gpxx:Categories>
      </gpxx:WaypointExtension>
      <wptx1:WaypointExtension>
        <wptx1:DisplayMode>SymbolAndName</wptx1:DisplayMode>
      </wptx1:WaypointExtension>
    </extensions>
  </wpt>
  <wpt lat="67.85819560" lon="17.62632254">
    <ele>616.2</ele>
    <name>A51 · Sitojaure · 1031 km</name>
    <cmt>Day 51 · 22 km (cum 1031) · +265 m -148 m · camp 616 m · STF · snap to hut</cmt>
    <desc>Day 51 · 22 km (cum 1031) · +265 m -148 m · camp 616 m · STF · snap to hut</desc>
    <sym>Campground</sym>
    <type>user</type>
    <extensions>
      <gpxx:WaypointExtension>
        <gpxx:DisplayMode>SymbolAndName</gpxx:DisplayMode>
        <gpxx:Categories>
          <gpxx:Category>Camping</gpxx:Category>
        </gpxx:Categories>
      </gpxx:WaypointExtension>
      <wptx1:WaypointExtension>
        <wptx1:DisplayMode>SymbolAndName</wptx1:DisplayMode>
      </wptx1:WaypointExtension>
    </extensions>
  </wpt>
  <wpt lat="67.93405007" lon="17.96728210">
    <ele>874.4</ele>
    <name>A52 · Hukejaure · 1050 km</name>
    <cmt>Day 52 · 19 km (cum 1050) · +407 m -152 m · camp 874 m · STF · snap to hut</cmt>
    <desc>Day 52 · 19 km (cum 1050) · +407 m -152 m · camp 874 m · STF · snap to hut</desc>
    <sym>Campground</sym>
    <type>user</type>
    <extensions>
      <gpxx:WaypointExtension>
        <gpxx:DisplayMode>SymbolAndName</gpxx:DisplayMode>
        <gpxx:Categories>
          <gpxx:Category>Camping</gpxx:Category>
        </gpxx:Categories>
      </gpxx:WaypointExtension>
      <wptx1:WaypointExtension>
        <wptx1:DisplayMode>SymbolAndName</wptx1:DisplayMode>
      </wptx1:WaypointExtension>
    </extensions>
  </wpt>
  <wpt lat="67.94637599" lon="18.28170103">
    <ele>863.9</ele>
    <name>A53 · Sälka · 1070 km</name>
    <cmt>Day 53 · 20 km (cum 1070) · +195 m -202 m · camp 864 m · STF · snap to hut</cmt>
    <desc>Day 53 · 20 km (cum 1070) · +195 m -202 m · camp 864 m · STF · snap to hut</desc>
    <sym>Campground</sym>
    <type>user</type>
    <extensions>
      <gpxx:WaypointExtension>
        <gpxx:DisplayMode>SymbolAndName</gpxx:DisplayMode>
        <gpxx:Categories>
          <gpxx:Category>Camping</gpxx:Category>
        </gpxx:Categories>
      </gpxx:WaypointExtension>
      <wptx1:WaypointExtension>
        <wptx1:DisplayMode>SymbolAndName</wptx1:DisplayMode>
      </wptx1:WaypointExtension>
    </extensions>
  </wpt>
  <wpt lat="68.05388597" lon="18.24525476">
    <ele>980.6</ele>
    <name>A54 · Tjäktja · 1084 km</name>
    <cmt>Day 54 · 14 km (cum 1084) · +293 m -176 m · camp 981 m · STF · snap to hut</cmt>
    <desc>Day 54 · 14 km (cum 1084) · +293 m -176 m · camp 981 m · STF · snap to hut</desc>
    <sym>Campground</sym>
    <type>user</type>
    <extensions>
      <gpxx:WaypointExtension>
        <gpxx:DisplayMode>SymbolAndName</gpxx:DisplayMode>
        <gpxx:Categories>
          <gpxx:Category>Camping</gpxx:Category>
        </gpxx:Categories>
      </gpxx:WaypointExtension>
      <wptx1:WaypointExtension>
        <wptx1:DisplayMode>SymbolAndName</wptx1:DisplayMode>
      </wptx1:WaypointExtension>
    </extensions>
  </wpt>
  <wpt lat="68.13585335" lon="18.41412839">
    <ele>780.1</ele>
    <name>A55 · Alesjaure · 1096 km</name>
    <cmt>Day 55 · 12 km (cum 1096) · +58 m -259 m · camp 780 m · STF · snap to hut</cmt>
    <desc>Day 55 · 12 km (cum 1096) · +58 m -259 m · camp 780 m · STF · snap to hut</desc>
    <sym>Campground</sym>
    <type>user</type>
    <extensions>
      <gpxx:WaypointExtension>
        <gpxx:DisplayMode>SymbolAndName</gpxx:DisplayMode>
        <gpxx:Categories>
          <gpxx:Category>Camping</gpxx:Category>
        </gpxx:Categories>
      </gpxx:WaypointExtension>
      <wptx1:WaypointExtension>
        <wptx1:DisplayMode>SymbolAndName</wptx1:DisplayMode>
      </wptx1:WaypointExtension>
    </extensions>
  </wpt>
  <wpt lat="68.28653122" lon="18.59536903">
    <ele>487.8</ele>
    <name>A56 · Abiskojaure · 1118 km</name>
    <cmt>Day 56 · 22 km (cum 1118) · +82 m -366 m · camp 488 m · STF · snap to hut</cmt>
    <desc>Day 56 · 22 km (cum 1118) · +82 m -366 m · camp 488 m · STF · snap to hut</desc>
    <sym>Campground</sym>
    <type>user</type>
    <extensions>
      <gpxx:WaypointExtension>
        <gpxx:DisplayMode>SymbolAndName</gpxx:DisplayMode>
        <gpxx:Categories>
          <gpxx:Category>Camping</gpxx:Category>
        </gpxx:Categories>
      </gpxx:WaypointExtension>
      <wptx1:WaypointExtension>
        <wptx1:DisplayMode>SymbolAndName</wptx1:DisplayMode>
      </wptx1:WaypointExtension>
    </extensions>
  </wpt>
  <wpt lat="68.36123016" lon="18.78535358">
    <ele>367.6</ele>
    <name>A57 D · Abisko · 1131 km</name>
    <cmt>Day 57 · 13 km (cum 1131) · +3 m -142 m · camp 368 m · D · 4 h resupply · overnight</cmt>
    <desc>Day 57 · 13 km (cum 1131) · +3 m -142 m · camp 368 m · D · 4 h resupply · overnight</desc>
    <sym>Flag, Blue</sym>
    <type>user</type>
    <extensions>
      <gpxx:WaypointExtension>
        <gpxx:DisplayMode>SymbolAndName</gpxx:DisplayMode>
        <gpxx:Categories>
          <gpxx:Category>Food</gpxx:Category>
        </gpxx:Categories>
      </gpxx:WaypointExtension>
      <wptx1:WaypointExtension>
        <wptx1:DisplayMode>SymbolAndName</wptx1:DisplayMode>
      </wptx1:WaypointExtension>
    </extensions>
  </wpt>
  <wpt lat="68.36123016" lon="18.78535358">
    <ele>367.6</ele>
    <name>A58 R · Abisko · 1131 km</name>
    <cmt>Day 58 · 0 km (cum 1131) · +0 m -0 m · camp 368 m · R · rest day</cmt>
    <desc>Day 58 · 0 km (cum 1131) · +0 m -0 m · camp 368 m · R · rest day</desc>
    <sym>Lodging</sym>
    <type>user</type>
    <extensions>
      <gpxx:WaypointExtension>
        <gpxx:DisplayMode>SymbolAndName</gpxx:DisplayMode>
        <gpxx:Categories>
          <gpxx:Category>Lodging</gpxx:Category>
        </gpxx:Categories>
      </gpxx:WaypointExtension>
      <wptx1:WaypointExtension>
        <wptx1:DisplayMode>SymbolAndName</wptx1:DisplayMode>
      </wptx1:WaypointExtension>
    </extensions>
  </wpt>
  <wpt lat="68.52252270" lon="18.63810081">
    <ele>716.7</ele>
    <name>A59 · Camp · 1152 km</name>
    <cmt>Day 59 · 21 km (cum 1152) · +380 m -31 m · camp 717 m · low elev ~717 m</cmt>
    <desc>Day 59 · 21 km (cum 1152) · +380 m -31 m · camp 717 m · low elev ~717 m</desc>
    <sym>Campground</sym>
    <type>user</type>
    <extensions>
      <gpxx:WaypointExtension>
        <gpxx:DisplayMode>SymbolAndName</gpxx:DisplayMode>
        <gpxx:Categories>
          <gpxx:Category>Camping</gpxx:Category>
        </gpxx:Categories>
      </gpxx:WaypointExtension>
      <wptx1:WaypointExtension>
        <wptx1:DisplayMode>SymbolAndName</wptx1:DisplayMode>
      </wptx1:WaypointExtension>
    </extensions>
  </wpt>
  <wpt lat="68.66343020" lon="18.89080589">
    <ele>534.9</ele>
    <name>A60 · Altevasshytta · 1176 km</name>
    <cmt>Day 60 · 24 km (cum 1176) · +408 m -590 m · camp 535 m · snap to named pin</cmt>
    <desc>Day 60 · 24 km (cum 1176) · +408 m -590 m · camp 535 m · snap to named pin</desc>
    <sym>Campground</sym>
    <type>user</type>
    <extensions>
      <gpxx:WaypointExtension>
        <gpxx:DisplayMode>SymbolAndName</gpxx:DisplayMode>
        <gpxx:Categories>
          <gpxx:Category>Camping</gpxx:Category>
        </gpxx:Categories>
      </gpxx:WaypointExtension>
      <wptx1:WaypointExtension>
        <wptx1:DisplayMode>SymbolAndName</wptx1:DisplayMode>
      </wptx1:WaypointExtension>
    </extensions>
  </wpt>
  <wpt lat="68.67162947" lon="19.45609535">
    <ele>727.0</ele>
    <name>A61 · Camp · 1203 km</name>
    <cmt>Day 61 · 27 km (cum 1203) · +512 m -320 m · camp 727 m · low elev ~727 m</cmt>
    <desc>Day 61 · 27 km (cum 1203) · +512 m -320 m · camp 727 m · low elev ~727 m</desc>
    <sym>Campground</sym>
    <type>user</type>
    <extensions>
      <gpxx:WaypointExtension>
        <gpxx:DisplayMode>SymbolAndName</gpxx:DisplayMode>
        <gpxx:Categories>
          <gpxx:Category>Camping</gpxx:Category>
        </gpxx:Categories>
      </gpxx:WaypointExtension>
      <wptx1:WaypointExtension>
        <wptx1:DisplayMode>SymbolAndName</wptx1:DisplayMode>
      </wptx1:WaypointExtension>
    </extensions>
  </wpt>
  <wpt lat="68.67497033" lon="19.82367097">
    <ele>591.7</ele>
    <name>A62 · Dividalshytta · 1228 km</name>
    <cmt>Day 62 · 25 km (cum 1228) · +357 m -492 m · camp 592 m · snap to named pin</cmt>
    <desc>Day 62 · 25 km (cum 1228) · +357 m -492 m · camp 592 m · snap to named pin</desc>
    <sym>Campground</sym>
    <type>user</type>
    <extensions>
      <gpxx:WaypointExtension>
        <gpxx:DisplayMode>SymbolAndName</gpxx:DisplayMode>
        <gpxx:Categories>
          <gpxx:Category>Camping</gpxx:Category>
        </gpxx:Categories>
      </gpxx:WaypointExtension>
      <wptx1:WaypointExtension>
        <wptx1:DisplayMode>SymbolAndName</wptx1:DisplayMode>
      </wptx1:WaypointExtension>
    </extensions>
  </wpt>
  <wpt lat="68.79260338" lon="20.05641254">
    <ele>694.6</ele>
    <name>A63 · Camp · 1253 km</name>
    <cmt>Day 63 · 25 km (cum 1253) · +350 m -247 m · camp 695 m · low elev ~695 m</cmt>
    <desc>Day 63 · 25 km (cum 1253) · +350 m -247 m · camp 695 m · low elev ~695 m</desc>
    <sym>Campground</sym>
    <type>user</type>
    <extensions>
      <gpxx:WaypointExtension>
        <gpxx:DisplayMode>SymbolAndName</gpxx:DisplayMode>
        <gpxx:Categories>
          <gpxx:Category>Camping</gpxx:Category>
        </gpxx:Categories>
      </gpxx:WaypointExtension>
      <wptx1:WaypointExtension>
        <wptx1:DisplayMode>SymbolAndName</wptx1:DisplayMode>
      </wptx1:WaypointExtension>
    </extensions>
  </wpt>
  <wpt lat="68.92587405" lon="20.24916890">
    <ele>611.2</ele>
    <name>A64 · Camp · 1278 km</name>
    <cmt>Day 64 · 25 km (cum 1278) · +406 m -490 m · camp 611 m · low elev ~611 m</cmt>
    <desc>Day 64 · 25 km (cum 1278) · +406 m -490 m · camp 611 m · low elev ~611 m</desc>
    <sym>Campground</sym>
    <type>user</type>
    <extensions>
      <gpxx:WaypointExtension>
        <gpxx:DisplayMode>SymbolAndName</gpxx:DisplayMode>
        <gpxx:Categories>
          <gpxx:Category>Camping</gpxx:Category>
        </gpxx:Categories>
      </gpxx:WaypointExtension>
      <wptx1:WaypointExtension>
        <wptx1:DisplayMode>SymbolAndName</wptx1:DisplayMode>
      </wptx1:WaypointExtension>
    </extensions>
  </wpt>
  <wpt lat="69.06028750" lon="20.54436034">
    <ele>492.6</ele>
    <name>A65 · Treriksröset · 1299 km</name>
    <cmt>Day 65 · 21 km (cum 1299) · +509 m -628 m · camp 493 m · GOAL</cmt>
    <desc>Day 65 · 21 km (cum 1299) · +509 m -628 m · camp 493 m · GOAL</desc>
    <sym>Campground</sym>
    <type>user</type>
    <extensions>
      <gpxx:WaypointExtension>
        <gpxx:DisplayMode>SymbolAndName</gpxx:DisplayMode>
        <gpxx:Categories>
          <gpxx:Category>Lodging</gpxx:Category>
        </gpxx:Categories>
      </gpxx:WaypointExtension>
      <wptx1:WaypointExtension>
        <wptx1:DisplayMode>SymbolAndName</wptx1:DisplayMode>
      </wptx1:WaypointExtension>
    </extensions>
  </wpt>
  <trk>
    <name>2027 alt 25 km · Mika Tänndalen shortcut</name>
    <trkseg>
      <trkpt lat="62.09824998" lon="12.31504996"/>
      <trkpt lat="62.09915003" lon="12.32246996"/>
      <trkpt lat="62.10141004" lon="12.33001996"/>
      <trkpt lat="62.10484997" lon="12.33262002"/>
      <trkpt lat="62.10914997" lon="12.33617999"/>
      <trkpt lat="62.11334998" lon="12.33902003"/>
      <trkpt lat="62.11895001" lon="12.35124998"/>
      <trkpt lat="62.12647998" lon="12.35639999"/>
      <trkpt lat="62.13237002" lon="12.36049002"/>
      <trkpt lat="62.13772003" lon="12.36207998"/>
      <trkpt lat="62.14405004" lon="12.36627001"/>
      <trkpt lat="62.15086997" lon="12.37068996"/>
      <trkpt lat="62.15716001" lon="12.37557996"/>
      <trkpt lat="62.16562003" lon="12.38042998"/>
      <trkpt lat="62.17383002" lon="12.38054004"/>
      <trkpt lat="62.18164003" lon="12.38886000"/>
      <trkpt lat="62.18647999" lon="12.39032004"/>
      <trkpt lat="62.19278997" lon="12.38757002"/>
      <trkpt lat="62.20018004" lon="12.38233997"/>
      <trkpt lat="62.20712998" lon="12.37644003"/>
      <trkpt lat="62.21277997" lon="12.36427001"/>
      <trkpt lat="62.21683002" lon="12.35376002"/>
      <trkpt lat="62.22307999" lon="12.34858998"/>
      <trkpt lat="62.22829998" lon="12.35324001"/>
      <trkpt lat="62.23491004" lon="12.35219001"/>
      <trkpt lat="62.24085004" lon="12.34818002"/>
      <trkpt lat="62.24723001" lon="12.34713002"/>
      <trkpt lat="62.25408004" lon="12.35002002"/>
      <trkpt lat="62.25872998" lon="12.35228003"/>
      <trkpt lat="62.25895001" lon="12.36302999"/>
      <trkpt lat="62.26115000" lon="12.37785003"/>
      <trkpt lat="62.26767004" lon="12.38560002"/>
      <trkpt lat="62.27476004" lon="12.39131003"/>
      <trkpt lat="62.28048999" lon="12.39743996"/>
      <trkpt lat="62.28640996" lon="12.40129002"/>
      <trkpt lat="62.29191000" lon="12.40832001"/>
      <trkpt lat="62.29276998" lon="12.41830001"/>
      <trkpt lat="62.29485003" lon="12.42676003"/>
      <trkpt lat="62.30086002" lon="12.43470004"/>
      <trkpt lat="62.30802001" lon="12.43858002"/>
      <trkpt lat="62.31495998" lon="12.44420000"/>
      <trkpt lat="62.31984998" lon="12.43833996"/>
      <trkpt lat="62.32414998" lon="12.42467000"/>
      <trkpt lat="62.32824999" lon="12.41167000"/>
      <trkpt lat="62.33241999" lon="12.39850002"/>
      <trkpt lat="62.33658998" lon="12.38561997"/>
      <trkpt lat="62.34157001" lon="12.37452996"/>
      <trkpt lat="62.34630000" lon="12.36398997"/>
      <trkpt lat="62.35128002" lon="12.35327999"/>
      <trkpt lat="62.35518004" lon="12.34562002"/>
      <trkpt lat="62.36107000" lon="12.34208001"/>
      <trkpt lat="62.36800997" lon="12.33820003"/>
      <trkpt lat="62.37366004" lon="12.32990001"/>
      <trkpt lat="62.37774999" lon="12.31745004"/>
      <trkpt lat="62.38103997" lon="12.30518002"/>
      <trkpt lat="62.38605998" lon="12.29682997"/>
      <trkpt lat="62.38756998" lon="12.28949002"/>
      <trkpt lat="62.39133001" lon="12.28461997"/>
      <trkpt lat="62.39563999" lon="12.28080000"/>
      <trkpt lat="62.40007997" lon="12.27728002"/>
      <trkpt lat="62.40476000" lon="12.27413001"/>
      <trkpt lat="62.41072004" lon="12.27577999"/>
      <trkpt lat="62.41674000" lon="12.27941003"/>
      <trkpt lat="62.42101997" lon="12.28730000"/>
      <trkpt lat="62.42751997" lon="12.29428003"/>
      <trkpt lat="62.43194997" lon="12.29556003"/>
      <trkpt lat="62.43735999" lon="12.29260004"/>
      <trkpt lat="62.44148003" lon="12.28664001"/>
      <trkpt lat="62.44533998" lon="12.28981004"/>
      <trkpt lat="62.44845000" lon="12.28348003"/>
      <trkpt lat="62.45559004" lon="12.28051996"/>
      <trkpt lat="62.45994997" lon="12.28381002"/>
      <trkpt lat="62.46473998" lon="12.28591003"/>
      <trkpt lat="62.46742998" lon="12.28417003"/>
      <trkpt lat="62.47106999" lon="12.28802998"/>
      <trkpt lat="62.47494997" lon="12.28480998"/>
      <trkpt lat="62.47835998" lon="12.27574001"/>
      <trkpt lat="62.48289996" lon="12.27245003"/>
      <trkpt lat="62.48814996" lon="12.26990000"/>
      <trkpt lat="62.49418996" lon="12.26957998"/>
      <trkpt lat="62.50129002" lon="12.27157001"/>
      <trkpt lat="62.50901001" lon="12.27462002"/>
      <trkpt lat="62.51407997" lon="12.28108004"/>
      <trkpt lat="62.52342998" lon="12.29050004"/>
      <trkpt lat="62.52978000" lon="12.30758000"/>
      <trkpt lat="62.54177000" lon="12.32442000"/>
      <trkpt lat="62.54782000" lon="12.32320000"/>
      <trkpt lat="62.55321000" lon="12.32842000"/>
      <trkpt lat="62.56068000" lon="12.32440000"/>
      <trkpt lat="62.57035000" lon="12.33063000"/>
      <trkpt lat="62.58360000" lon="12.33078000"/>
      <trkpt lat="62.59418000" lon="12.32936000"/>
      <trkpt lat="62.60257000" lon="12.32985000"/>
      <trkpt lat="62.61432000" lon="12.32612000"/>
      <trkpt lat="62.61770996" lon="12.32803001"/>
      <trkpt lat="62.62340002" lon="12.33013001"/>
      <trkpt lat="62.63036999" lon="12.33240997"/>
      <trkpt lat="62.63886002" lon="12.33427000"/>
      <trkpt lat="62.64481997" lon="12.33601000"/>
      <trkpt lat="62.64975004" lon="12.33906001"/>
      <trkpt lat="62.65423997" lon="12.34309003"/>
      <trkpt lat="62.65964001" lon="12.34697999"/>
      <trkpt lat="62.66549997" lon="12.34923002"/>
      <trkpt lat="62.67107997" lon="12.35016997"/>
      <trkpt lat="62.67785003" lon="12.34317997"/>
      <trkpt lat="62.68371996" lon="12.33431996"/>
      <trkpt lat="62.69247000" lon="12.32189002"/>
      <trkpt lat="62.69707996" lon="12.31388999"/>
      <trkpt lat="62.70216996" lon="12.30698003"/>
      <trkpt lat="62.70816998" lon="12.30154999"/>
      <trkpt lat="62.70895997" lon="12.29364996"/>
      <trkpt lat="62.71389004" lon="12.29515996"/>
      <trkpt lat="62.71633001" lon="12.30111999"/>
      <trkpt lat="62.71925001" lon="12.30010998"/>
      <trkpt lat="62.72187003" lon="12.30187001"/>
      <trkpt lat="62.72263999" lon="12.31667999"/>
      <trkpt lat="62.72352998" lon="12.32412002"/>
      <trkpt lat="62.72674997" lon="12.32111997"/>
      <trkpt lat="62.72946001" lon="12.32028002"/>
      <trkpt lat="62.73242000" lon="12.32254003"/>
      <trkpt lat="62.73609001" lon="12.32185003"/>
      <trkpt lat="62.74051004" lon="12.32281999"/>
      <trkpt lat="62.74564002" lon="12.32691002"/>
      <trkpt lat="62.75067000" lon="12.33213002"/>
      <trkpt lat="62.75589000" lon="12.33751003"/>
      <trkpt lat="62.76110002" lon="12.34373996"/>
      <trkpt lat="62.76638003" lon="12.35133003"/>
      <trkpt lat="62.77144002" lon="12.35866997"/>
      <trkpt lat="62.77705003" lon="12.36584002"/>
      <trkpt lat="62.78270999" lon="12.37432997"/>
      <trkpt lat="62.78914000" lon="12.38528000"/>
      <trkpt lat="62.79367997" lon="12.39584003"/>
      <trkpt lat="62.79674004" lon="12.40277002"/>
      <trkpt lat="62.79961000" lon="12.40960998"/>
      <trkpt lat="62.80436003" lon="12.41765996"/>
      <trkpt lat="62.80849004" lon="12.42568002"/>
      <trkpt lat="62.81241001" lon="12.43284998"/>
      <trkpt lat="62.81687002" lon="12.44049001"/>
      <trkpt lat="62.81832000" lon="12.44603002"/>
      <trkpt lat="62.82300004" lon="12.44945998"/>
      <trkpt lat="62.82896996" lon="12.45690001"/>
      <trkpt lat="62.83418996" lon="12.46242000"/>
      <trkpt lat="62.83995998" lon="12.46933004"/>
      <trkpt lat="62.84639996" lon="12.47701004"/>
      <trkpt lat="62.85216001" lon="12.48079003"/>
      <trkpt lat="62.85754999" lon="12.48543997"/>
      <trkpt lat="62.86298004" lon="12.49002999"/>
      <trkpt lat="62.86835996" lon="12.49497003"/>
      <trkpt lat="62.87524997" lon="12.50184000"/>
      <trkpt lat="62.87910003" lon="12.50447997"/>
      <trkpt lat="62.88307004" lon="12.50634000"/>
      <trkpt lat="62.88698003" lon="12.50831997"/>
      <trkpt lat="62.89007999" lon="12.50975001"/>
      <trkpt lat="62.89512003" lon="12.51276003"/>
      <trkpt lat="62.90159999" lon="12.51326999"/>
      <trkpt lat="62.90912996" lon="12.51189996"/>
      <trkpt lat="62.91433001" lon="12.50736997"/>
      <trkpt lat="62.91699001" lon="12.50597999"/>
      <trkpt lat="62.92129998" lon="12.49406998"/>
      <trkpt lat="62.92901997" lon="12.48333997"/>
      <trkpt lat="62.93600000" lon="12.47637000"/>
      <trkpt lat="62.94259002" lon="12.46619998"/>
      <trkpt lat="62.94777003" lon="12.45663003"/>
      <trkpt lat="62.95123000" lon="12.44452002"/>
      <trkpt lat="62.95421999" lon="12.43160997"/>
      <trkpt lat="62.95684998" lon="12.41810999"/>
      <trkpt lat="62.95921996" lon="12.40435001"/>
      <trkpt lat="62.96292996" lon="12.39184001"/>
      <trkpt lat="62.96645002" lon="12.38033996"/>
      <trkpt lat="62.97121002" lon="12.36965999"/>
      <trkpt lat="62.97790004" lon="12.36525999"/>
      <trkpt lat="62.98371004" lon="12.36183004"/>
      <trkpt lat="62.98707001" lon="12.35642002"/>
      <trkpt lat="62.99415004" lon="12.35208004"/>
      <trkpt lat="62.99801996" lon="12.34654999"/>
      <trkpt lat="63.00306000" lon="12.34149998"/>
      <trkpt lat="63.00798998" lon="12.33597002"/>
      <trkpt lat="63.01192998" lon="12.32839001"/>
      <trkpt lat="63.01451999" lon="12.31956999"/>
      <trkpt lat="63.01841003" lon="12.31003004"/>
      <trkpt lat="63.02265999" lon="12.30088999"/>
      <trkpt lat="63.02564001" lon="12.29202001"/>
      <trkpt lat="63.02718999" lon="12.28546000"/>
      <trkpt lat="63.02811996" lon="12.27619004"/>
      <trkpt lat="63.02814997" lon="12.26602002"/>
      <trkpt lat="63.03368001" lon="12.26415002"/>
      <trkpt lat="63.04060003" lon="12.27200001"/>
      <trkpt lat="63.04309004" lon="12.27501003"/>
      <trkpt lat="63.05564999" lon="12.27945001"/>
      <trkpt lat="63.06423004" lon="12.27758001"/>
      <trkpt lat="63.07212001" lon="12.28382997"/>
      <trkpt lat="63.07737999" lon="12.27847997"/>
      <trkpt lat="63.08029002" lon="12.27449002"/>
      <trkpt lat="63.08404000" lon="12.26892997"/>
      <trkpt lat="63.08722998" lon="12.26777997"/>
      <trkpt lat="63.09306001" lon="12.26713004"/>
      <trkpt lat="63.09897998" lon="12.26652998"/>
      <trkpt lat="63.10651003" lon="12.25679004"/>
      <trkpt lat="63.11486000" lon="12.25096998"/>
      <trkpt lat="63.12139001" lon="12.24278002"/>
      <trkpt lat="63.12911997" lon="12.23189997"/>
      <trkpt lat="63.13583001" lon="12.22216004"/>
      <trkpt lat="63.14328999" lon="12.21327002"/>
      <trkpt lat="63.14781999" lon="12.20907002"/>
      <trkpt lat="63.15250003" lon="12.20244002"/>
      <trkpt lat="63.15739003" lon="12.19595997"/>
      <trkpt lat="63.16157000" lon="12.19148998"/>
      <trkpt lat="63.16531998" lon="12.18928001"/>
      <trkpt lat="63.16902998" lon="12.18889997"/>
      <trkpt lat="63.17391001" lon="12.18551000"/>
      <trkpt lat="63.17933000" lon="12.17937000"/>
      <trkpt lat="63.18375003" lon="12.17524996"/>
      <trkpt lat="63.18979003" lon="12.17280001"/>
      <trkpt lat="63.19826002" lon="12.16657997"/>
      <trkpt lat="63.20595997" lon="12.16377002"/>
      <trkpt lat="63.21015998" lon="12.16186004"/>
      <trkpt lat="63.21510002" lon="12.16007997"/>
      <trkpt lat="63.22386003" lon="12.15964998"/>
      <trkpt lat="63.23187003" lon="12.15920004"/>
      <trkpt lat="63.23336997" lon="12.15400997"/>
      <trkpt lat="63.23661997" lon="12.14519002"/>
      <trkpt lat="63.24235998" lon="12.13788997"/>
      <trkpt lat="63.24557000" lon="12.13242003"/>
      <trkpt lat="63.25351001" lon="12.12623997"/>
      <trkpt lat="63.26167004" lon="12.12186000"/>
      <trkpt lat="63.26819996" lon="12.12277003"/>
      <trkpt lat="63.27162003" lon="12.12337000"/>
      <trkpt lat="63.27769004" lon="12.11428997"/>
      <trkpt lat="63.28463998" lon="12.11694997"/>
      <trkpt lat="63.28612374" lon="12.11921166"/>
      <trkpt lat="63.28781915" lon="12.11953972"/>
      <trkpt lat="63.29009199" lon="12.12065670"/>
      <trkpt lat="63.29797927" lon="12.11531818"/>
      <trkpt lat="63.30439000" lon="12.11341004"/>
      <trkpt lat="63.30964998" lon="12.11571003"/>
      <trkpt lat="63.31410999" lon="12.10949996"/>
      <trkpt lat="63.32195001" lon="12.11293998"/>
      <trkpt lat="63.32963001" lon="12.11753000"/>
      <trkpt lat="63.33550002" lon="12.12376999"/>
      <trkpt lat="63.34312999" lon="12.13446002"/>
      <trkpt lat="63.34962999" lon="12.14316999"/>
      <trkpt lat="63.35516003" lon="12.17004002"/>
      <trkpt lat="63.35756999" lon="12.18862002"/>
      <trkpt lat="63.35638002" lon="12.20301996"/>
      <trkpt lat="63.35284000" lon="12.22565001"/>
      <trkpt lat="63.35441999" lon="12.24706996"/>
      <trkpt lat="63.35691000" lon="12.27564999"/>
      <trkpt lat="63.36343003" lon="12.28126997"/>
      <trkpt lat="63.36997001" lon="12.27587001"/>
      <trkpt lat="63.37723000" lon="12.27709000"/>
      <trkpt lat="63.38474999" lon="12.27003001"/>
      <trkpt lat="63.39085001" lon="12.26024003"/>
      <trkpt lat="63.39685002" lon="12.24945000"/>
      <trkpt lat="63.40283001" lon="12.23862000"/>
      <trkpt lat="63.40975002" lon="12.23219996"/>
      <trkpt lat="63.41600996" lon="12.22657998"/>
      <trkpt lat="63.42127003" lon="12.22089001"/>
      <trkpt lat="63.42574001" lon="12.21577998"/>
      <trkpt lat="63.43040999" lon="12.22111003"/>
      <trkpt lat="63.43562999" lon="12.23615002"/>
      <trkpt lat="63.44215999" lon="12.23914999"/>
      <trkpt lat="63.44895998" lon="12.24048003"/>
      <trkpt lat="63.45712001" lon="12.24140002"/>
      <trkpt lat="63.46363996" lon="12.24210997"/>
      <trkpt lat="63.46980996" lon="12.24383002"/>
      <trkpt lat="63.47885001" lon="12.24909000"/>
      <trkpt lat="63.48639004" lon="12.24938999"/>
      <trkpt lat="63.49264998" lon="12.24436998"/>
      <trkpt lat="63.49930001" lon="12.23760998"/>
      <trkpt lat="63.50619002" lon="12.23583000"/>
      <trkpt lat="63.50994998" lon="12.23799001"/>
      <trkpt lat="63.51765999" lon="12.24192004"/>
      <trkpt lat="63.52556999" lon="12.24587001"/>
      <trkpt lat="63.53048002" lon="12.24829003"/>
      <trkpt lat="63.53786004" lon="12.25693999"/>
      <trkpt lat="63.54689003" lon="12.26097001"/>
      <trkpt lat="63.55298996" lon="12.26337997"/>
      <trkpt lat="63.55858999" lon="12.26767000"/>
      <trkpt lat="63.56440997" lon="12.26862998"/>
      <trkpt lat="63.56997002" lon="12.26566999"/>
      <trkpt lat="63.57648997" lon="12.26930003"/>
      <trkpt lat="63.58386998" lon="12.27200001"/>
      <trkpt lat="63.58884003" lon="12.27745000"/>
      <trkpt lat="63.59002003" lon="12.29192002"/>
      <trkpt lat="63.59186003" lon="12.30965998"/>
      <trkpt lat="63.59446999" lon="12.32277003"/>
      <trkpt lat="63.59827998" lon="12.33256001"/>
      <trkpt lat="63.60149997" lon="12.34014999"/>
      <trkpt lat="63.60306001" lon="12.35524002"/>
      <trkpt lat="63.60540996" lon="12.37169998"/>
      <trkpt lat="63.60592000" lon="12.37809001"/>
      <trkpt lat="63.60795001" lon="12.38970003"/>
      <trkpt lat="63.61514001" lon="12.39956997"/>
      <trkpt lat="63.61938997" lon="12.41888003"/>
      <trkpt lat="63.62610999" lon="12.43375003"/>
      <trkpt lat="63.62647000" lon="12.44476000"/>
      <trkpt lat="63.62528999" lon="12.45760996"/>
      <trkpt lat="63.62604001" lon="12.47069998"/>
      <trkpt lat="63.62646002" lon="12.48310000"/>
      <trkpt lat="63.62850999" lon="12.49881003"/>
      <trkpt lat="63.63388999" lon="12.51076003"/>
      <trkpt lat="63.63602000" lon="12.51455996"/>
      <trkpt lat="63.64098997" lon="12.51740998"/>
      <trkpt lat="63.64711002" lon="12.52070004"/>
      <trkpt lat="63.65476999" lon="12.52472998"/>
      <trkpt lat="63.66204003" lon="12.52908999"/>
      <trkpt lat="63.66700999" lon="12.53246002"/>
      <trkpt lat="63.67197996" lon="12.53866003"/>
      <trkpt lat="63.67652002" lon="12.54569999"/>
      <trkpt lat="63.68070996" lon="12.53686002"/>
      <trkpt lat="63.68670998" lon="12.52876997"/>
      <trkpt lat="63.69241999" lon="12.52453996"/>
      <trkpt lat="63.69647004" lon="12.51966999"/>
      <trkpt lat="63.70137001" lon="12.51516002"/>
      <trkpt lat="63.70554001" lon="12.53339997"/>
      <trkpt lat="63.70975996" lon="12.53879003"/>
      <trkpt lat="63.70729996" lon="12.55768997"/>
      <trkpt lat="63.70461004" lon="12.57566999"/>
      <trkpt lat="63.70281002" lon="12.58798996"/>
      <trkpt lat="63.70189003" lon="12.59660999"/>
      <trkpt lat="63.70150999" lon="12.61389004"/>
      <trkpt lat="63.70629002" lon="12.62562999"/>
      <trkpt lat="63.70965997" lon="12.62808999"/>
      <trkpt lat="63.70394996" lon="12.63773002"/>
      <trkpt lat="63.70159004" lon="12.65671997"/>
      <trkpt lat="63.70039998" lon="12.67217000"/>
      <trkpt lat="63.69867004" lon="12.68116001"/>
      <trkpt lat="63.69878998" lon="12.69514999"/>
      <trkpt lat="63.69839000" lon="12.70659003"/>
      <trkpt lat="63.69891001" lon="12.71457002"/>
      <trkpt lat="63.69916004" lon="12.72400998"/>
      <trkpt lat="63.70016998" lon="12.73030001"/>
      <trkpt lat="63.70124999" lon="12.73742002"/>
      <trkpt lat="63.70068999" lon="12.75368996"/>
      <trkpt lat="63.70160001" lon="12.76365998"/>
      <trkpt lat="63.70239998" lon="12.77606998"/>
      <trkpt lat="63.70184996" lon="12.78404997"/>
      <trkpt lat="63.70390001" lon="12.78879002"/>
      <trkpt lat="63.70836002" lon="12.79749999"/>
      <trkpt lat="63.71241996" lon="12.80367997"/>
      <trkpt lat="63.71687997" lon="12.81601997"/>
      <trkpt lat="63.72179001" lon="12.82763000"/>
      <trkpt lat="63.72612001" lon="12.84191997"/>
      <trkpt lat="63.72576999" lon="12.85372001"/>
      <trkpt lat="63.72451999" lon="12.86882998"/>
      <trkpt lat="63.72385003" lon="12.87601998"/>
      <trkpt lat="63.72317000" lon="12.88619000"/>
      <trkpt lat="63.71887998" lon="12.90065004"/>
      <trkpt lat="63.71546997" lon="12.91136001"/>
      <trkpt lat="63.71430002" lon="12.91857004"/>
      <trkpt lat="63.71332001" lon="12.93040998"/>
      <trkpt lat="63.71060000" lon="12.94495996"/>
      <trkpt lat="63.70449998" lon="12.95013000"/>
      <trkpt lat="63.70140002" lon="12.95709997"/>
      <trkpt lat="63.69854003" lon="12.97130998"/>
      <trkpt lat="63.70114001" lon="12.98131001"/>
      <trkpt lat="63.70571997" lon="12.99379997"/>
      <trkpt lat="63.70952996" lon="13.00659000"/>
      <trkpt lat="63.71275004" lon="13.01856003"/>
      <trkpt lat="63.71332998" lon="13.03658003"/>
      <trkpt lat="63.71319001" lon="13.05257002"/>
      <trkpt lat="63.71296998" lon="13.06849002"/>
      <trkpt lat="63.71217001" lon="13.08109003"/>
      <trkpt lat="63.71076998" lon="13.09192004"/>
      <trkpt lat="63.70760003" lon="13.10319001"/>
      <trkpt lat="63.70620000" lon="13.11927999"/>
      <trkpt lat="63.70787001" lon="13.13635997"/>
      <trkpt lat="63.70794998" lon="13.15271004"/>
      <trkpt lat="63.70832004" lon="13.16884998"/>
      <trkpt lat="63.71333996" lon="13.18427998"/>
      <trkpt lat="63.71673002" lon="13.19756001"/>
      <trkpt lat="63.71615997" lon="13.21069001"/>
      <trkpt lat="63.71487997" lon="13.22490002"/>
      <trkpt lat="63.70998996" lon="13.23551998"/>
      <trkpt lat="63.70571000" lon="13.24700000"/>
      <trkpt lat="63.70187997" lon="13.25928996"/>
      <trkpt lat="63.69890003" lon="13.27211997"/>
      <trkpt lat="63.69602999" lon="13.28431003"/>
      <trkpt lat="63.69237003" lon="13.29678004"/>
      <trkpt lat="63.68610003" lon="13.30668996"/>
      <trkpt lat="63.68150004" lon="13.31478001"/>
      <trkpt lat="63.68073997" lon="13.32450000"/>
      <trkpt lat="63.68276001" lon="13.33434999"/>
      <trkpt lat="63.68421997" lon="13.34894003"/>
      <trkpt lat="63.68545001" lon="13.36192000"/>
      <trkpt lat="63.68697996" lon="13.37495000"/>
      <trkpt lat="63.68733997" lon="13.38723997"/>
      <trkpt lat="63.68880001" lon="13.40367998"/>
      <trkpt lat="63.69018998" lon="13.41069999"/>
      <trkpt lat="63.68807003" lon="13.43210997"/>
      <trkpt lat="63.68988002" lon="13.44184999"/>
      <trkpt lat="63.69276004" lon="13.45652997"/>
      <trkpt lat="63.69175002" lon="13.47322999"/>
      <trkpt lat="63.69018998" lon="13.48631004"/>
      <trkpt lat="63.68943997" lon="13.50430003"/>
      <trkpt lat="63.68785000" lon="13.51324000"/>
      <trkpt lat="63.69080001" lon="13.52250997"/>
      <trkpt lat="63.69326999" lon="13.53757996"/>
      <trkpt lat="63.69359002" lon="13.55486998"/>
      <trkpt lat="63.69290002" lon="13.56809000"/>
      <trkpt lat="63.69159998" lon="13.57610998"/>
      <trkpt lat="63.69112004" lon="13.59257002"/>
      <trkpt lat="63.69566001" lon="13.60758997"/>
      <trkpt lat="63.69559002" lon="13.62553001"/>
      <trkpt lat="63.69931997" lon="13.62623996"/>
      <trkpt lat="63.70124001" lon="13.61205996"/>
      <trkpt lat="63.70600001" lon="13.60682001"/>
      <trkpt lat="63.71283000" lon="13.60744002"/>
      <trkpt lat="63.71577004" lon="13.61083000"/>
      <trkpt lat="63.72238998" lon="13.61663003"/>
      <trkpt lat="63.72586001" lon="13.62009997"/>
      <trkpt lat="63.72897003" lon="13.61985002"/>
      <trkpt lat="63.73439999" lon="13.62034002"/>
      <trkpt lat="63.73949996" lon="13.62606998"/>
      <trkpt lat="63.74535003" lon="13.63006001"/>
      <trkpt lat="63.74860003" lon="13.64086999"/>
      <trkpt lat="63.74942003" lon="13.65134996"/>
      <trkpt lat="63.75431003" lon="13.66073996"/>
      <trkpt lat="63.75192001" lon="13.67595999"/>
      <trkpt lat="63.74929002" lon="13.69334003"/>
      <trkpt lat="63.74684997" lon="13.70913003"/>
      <trkpt lat="63.74296999" lon="13.73231001"/>
      <trkpt lat="63.74762001" lon="13.74584000"/>
      <trkpt lat="63.75048000" lon="13.76077998"/>
      <trkpt lat="63.75300002" lon="13.77298999"/>
      <trkpt lat="63.75777997" lon="13.77814000"/>
      <trkpt lat="63.76204996" lon="13.78601002"/>
      <trkpt lat="63.76410998" lon="13.79757998"/>
      <trkpt lat="63.76784999" lon="13.80715001"/>
      <trkpt lat="63.77174003" lon="13.81808999"/>
      <trkpt lat="63.77536001" lon="13.82904002"/>
      <trkpt lat="63.78005999" lon="13.82635002"/>
      <trkpt lat="63.78620996" lon="13.83258004"/>
      <trkpt lat="63.79220000" lon="13.83791998"/>
      <trkpt lat="63.80002996" lon="13.83532000"/>
      <trkpt lat="63.80366997" lon="13.83574999"/>
      <trkpt lat="63.81097002" lon="13.83003999"/>
      <trkpt lat="63.81889997" lon="13.83045003"/>
      <trkpt lat="63.82288003" lon="13.84112002"/>
      <trkpt lat="63.82624000" lon="13.85879997"/>
      <trkpt lat="63.83152002" lon="13.86968002"/>
      <trkpt lat="63.83855998" lon="13.87681997"/>
      <trkpt lat="63.84711002" lon="13.87798003"/>
      <trkpt lat="63.85470998" lon="13.87614003"/>
      <trkpt lat="63.85756996" lon="13.87483003"/>
      <trkpt lat="63.86579001" lon="13.87340996"/>
      <trkpt lat="63.87377000" lon="13.86882003"/>
      <trkpt lat="63.88088004" lon="13.86000001"/>
      <trkpt lat="63.88791002" lon="13.85504002"/>
      <trkpt lat="63.89063003" lon="13.85861004"/>
      <trkpt lat="63.89599001" lon="13.86534004"/>
      <trkpt lat="63.90272001" lon="13.86473997"/>
      <trkpt lat="63.90898003" lon="13.86677996"/>
      <trkpt lat="63.91687998" lon="13.86808997"/>
      <trkpt lat="63.92557000" lon="13.87366997"/>
      <trkpt lat="63.93130003" lon="13.89154002"/>
      <trkpt lat="63.93774002" lon="13.89667000"/>
      <trkpt lat="63.94095004" lon="13.90123998"/>
      <trkpt lat="63.94437002" lon="13.91665002"/>
      <trkpt lat="63.95656996" lon="13.93225000"/>
      <trkpt lat="63.95912996" lon="13.94888003"/>
      <trkpt lat="63.96581998" lon="13.94658004"/>
      <trkpt lat="63.97066003" lon="13.95185997"/>
      <trkpt lat="63.97476004" lon="13.96182002"/>
      <trkpt lat="63.97904998" lon="13.97105997"/>
      <trkpt lat="63.98646000" lon="13.97179004"/>
      <trkpt lat="63.99342000" lon="13.98277997"/>
      <trkpt lat="63.99762000" lon="13.98700998"/>
      <trkpt lat="63.99696998" lon="13.99583001"/>
      <trkpt lat="64.00057998" lon="14.00262999"/>
      <trkpt lat="64.00618999" lon="14.01225996"/>
      <trkpt lat="64.00513002" lon="14.02409001"/>
      <trkpt lat="64.00821003" lon="14.02088997"/>
      <trkpt lat="64.01320003" lon="14.01437002"/>
      <trkpt lat="64.01781997" lon="14.01470999"/>
      <trkpt lat="64.02102001" lon="14.02924002"/>
      <trkpt lat="64.02479002" lon="14.03923997"/>
      <trkpt lat="64.02473998" lon="14.05236997"/>
      <trkpt lat="64.02758002" lon="14.07392998"/>
      <trkpt lat="64.03038000" lon="14.08666000"/>
      <trkpt lat="64.04177997" lon="14.09336996"/>
      <trkpt lat="64.04763004" lon="14.10287999"/>
      <trkpt lat="64.05040001" lon="14.11892999"/>
      <trkpt lat="64.05621998" lon="14.12972001"/>
      <trkpt lat="64.06298996" lon="14.13661002"/>
      <trkpt lat="64.06697002" lon="14.14134999"/>
      <trkpt lat="64.06947001" lon="14.13661002"/>
      <trkpt lat="64.07092997" lon="14.14499997"/>
      <trkpt lat="64.07137999" lon="14.15700001"/>
      <trkpt lat="64.07468003" lon="14.16196997"/>
      <trkpt lat="64.07597998" lon="14.16828004"/>
      <trkpt lat="64.07892999" lon="14.17807002"/>
      <trkpt lat="64.08270000" lon="14.18579000"/>
      <trkpt lat="64.08667001" lon="14.19242000"/>
      <trkpt lat="64.09077999" lon="14.19603000"/>
      <trkpt lat="64.09458999" lon="14.20075002"/>
      <trkpt lat="64.10063996" lon="14.20578998"/>
      <trkpt lat="64.10640000" lon="14.21297997"/>
      <trkpt lat="64.11374004" lon="14.21618002"/>
      <trkpt lat="64.11795999" lon="14.21024999"/>
      <trkpt lat="64.12435002" lon="14.20745999"/>
      <trkpt lat="64.13010000" lon="14.19800000"/>
      <trkpt lat="64.13519997" lon="14.19754998"/>
      <trkpt lat="64.14054997" lon="14.20479999"/>
      <trkpt lat="64.14443004" lon="14.21346998"/>
      <trkpt lat="64.14644002" lon="14.22331997"/>
      <trkpt lat="64.14906004" lon="14.23403003"/>
      <trkpt lat="64.15396999" lon="14.24044001"/>
      <trkpt lat="64.15616001" lon="14.25019001"/>
      <trkpt lat="64.16266001" lon="14.24848999"/>
      <trkpt lat="64.16948003" lon="14.25360002"/>
      <trkpt lat="64.17490002" lon="14.25182004"/>
      <trkpt lat="64.18034004" lon="14.24943999"/>
      <trkpt lat="64.18613998" lon="14.25292997"/>
      <trkpt lat="64.19034996" lon="14.25603999"/>
      <trkpt lat="64.19833004" lon="14.25837996"/>
      <trkpt lat="64.20556001" lon="14.26804002"/>
      <trkpt lat="64.20792002" lon="14.27248000"/>
      <trkpt lat="64.21593002" lon="14.27691998"/>
      <trkpt lat="64.22345001" lon="14.28138996"/>
      <trkpt lat="64.23227004" lon="14.28896000"/>
      <trkpt lat="64.23546002" lon="14.29673002"/>
      <trkpt lat="64.24222003" lon="14.30685997"/>
      <trkpt lat="64.24565996" lon="14.31903997"/>
      <trkpt lat="64.24774001" lon="14.33175003"/>
      <trkpt lat="64.25490998" lon="14.33861003"/>
      <trkpt lat="64.25992001" lon="14.34171997"/>
      <trkpt lat="64.26448999" lon="14.35082003"/>
      <trkpt lat="64.26481001" lon="14.36172003"/>
      <trkpt lat="64.26255000" lon="14.37161998"/>
      <trkpt lat="64.26025000" lon="14.37837001"/>
      <trkpt lat="64.26071000" lon="14.39121000"/>
      <trkpt lat="64.26370997" lon="14.39941999"/>
      <trkpt lat="64.26829998" lon="14.40607999"/>
      <trkpt lat="64.27046000" lon="14.41497998"/>
      <trkpt lat="64.27157999" lon="14.42337002"/>
      <trkpt lat="64.27666001" lon="14.40588000"/>
      <trkpt lat="64.28339998" lon="14.40362996"/>
      <trkpt lat="64.28585001" lon="14.40808997"/>
      <trkpt lat="64.29159002" lon="14.40873999"/>
      <trkpt lat="64.29734001" lon="14.40088003"/>
      <trkpt lat="64.30094004" lon="14.39160998"/>
      <trkpt lat="64.30401997" lon="14.38588003"/>
      <trkpt lat="64.30790003" lon="14.38536999"/>
      <trkpt lat="64.31349998" lon="14.38638001"/>
      <trkpt lat="64.31775003" lon="14.38970000"/>
      <trkpt lat="64.32357998" lon="14.39675999"/>
      <trkpt lat="64.33144002" lon="14.41135003"/>
      <trkpt lat="64.34487001" lon="14.39812004"/>
      <trkpt lat="64.34937000" lon="14.40141999"/>
      <trkpt lat="64.35502997" lon="14.40588000"/>
      <trkpt lat="64.36332998" lon="14.39651004"/>
      <trkpt lat="64.37136998" lon="14.38599000"/>
      <trkpt lat="64.37366998" lon="14.37676001"/>
      <trkpt lat="64.37757997" lon="14.36459997"/>
      <trkpt lat="64.38118000" lon="14.35346000"/>
      <trkpt lat="64.38373002" lon="14.34778000"/>
      <trkpt lat="64.38934003" lon="14.33435999"/>
      <trkpt lat="64.39538003" lon="14.32313997"/>
      <trkpt lat="64.40222000" lon="14.31206999"/>
      <trkpt lat="64.40835002" lon="14.29890001"/>
      <trkpt lat="64.41436001" lon="14.28495001"/>
      <trkpt lat="64.41571000" lon="14.26591001"/>
      <trkpt lat="64.41968998" lon="14.24832000"/>
      <trkpt lat="64.42533997" lon="14.23352997"/>
      <trkpt lat="64.43097001" lon="14.21838999"/>
      <trkpt lat="64.43577996" lon="14.19977998"/>
      <trkpt lat="64.44098999" lon="14.18384003"/>
      <trkpt lat="64.44683997" lon="14.17174000"/>
      <trkpt lat="64.45087996" lon="14.15663003"/>
      <trkpt lat="64.45280001" lon="14.14790003"/>
      <trkpt lat="64.45667999" lon="14.14491003"/>
      <trkpt lat="64.45963997" lon="14.14066996"/>
      <trkpt lat="64.46333002" lon="14.13688998"/>
      <trkpt lat="64.46774997" lon="14.12903999"/>
      <trkpt lat="64.47410999" lon="14.11521999"/>
      <trkpt lat="64.47982997" lon="14.11612004"/>
      <trkpt lat="64.48310000" lon="14.12013003"/>
      <trkpt lat="64.48589997" lon="14.11088001"/>
      <trkpt lat="64.48894998" lon="14.10408002"/>
      <trkpt lat="64.49333003" lon="14.11410000"/>
      <trkpt lat="64.49908999" lon="14.10566999"/>
      <trkpt lat="64.50242003" lon="14.11594997"/>
      <trkpt lat="64.50535001" lon="14.13471999"/>
      <trkpt lat="64.50673998" lon="14.14473996"/>
      <trkpt lat="64.50329997" lon="14.15103000"/>
      <trkpt lat="64.50850002" lon="14.15192996"/>
      <trkpt lat="64.52117999" lon="14.15401001"/>
      <trkpt lat="64.52429001" lon="14.15178001"/>
      <trkpt lat="64.52957002" lon="14.14679999"/>
      <trkpt lat="64.53568001" lon="14.13619998"/>
      <trkpt lat="64.54185999" lon="14.13340998"/>
      <trkpt lat="64.54622998" lon="14.12740996"/>
      <trkpt lat="64.54937998" lon="14.12884000"/>
      <trkpt lat="64.55433000" lon="14.12756000"/>
      <trkpt lat="64.55846001" lon="14.13481001"/>
      <trkpt lat="64.56387003" lon="14.13566999"/>
      <trkpt lat="64.56992998" lon="14.12781003"/>
      <trkpt lat="64.57639997" lon="14.12459004"/>
      <trkpt lat="64.58361997" lon="14.11649999"/>
      <trkpt lat="64.58928999" lon="14.11055999"/>
      <trkpt lat="64.59653003" lon="14.10661002"/>
      <trkpt lat="64.60353998" lon="14.11002003"/>
      <trkpt lat="64.61036000" lon="14.11072997"/>
      <trkpt lat="64.61788997" lon="14.11863000"/>
      <trkpt lat="64.62539999" lon="14.11482998"/>
      <trkpt lat="64.63080003" lon="14.12158999"/>
      <trkpt lat="64.63956004" lon="14.12794003"/>
      <trkpt lat="64.64653001" lon="14.13320001"/>
      <trkpt lat="64.65133997" lon="14.13818004"/>
      <trkpt lat="64.65502004" lon="14.13997997"/>
      <trkpt lat="64.65973000" lon="14.14573004"/>
      <trkpt lat="64.66635003" lon="14.15073001"/>
      <trkpt lat="64.67152996" lon="14.16841004"/>
      <trkpt lat="64.67292001" lon="14.17935002"/>
      <trkpt lat="64.67446002" lon="14.20273997"/>
      <trkpt lat="64.67890997" lon="14.20853999"/>
      <trkpt lat="64.68251000" lon="14.19444004"/>
      <trkpt lat="64.68813996" lon="14.19442001"/>
      <trkpt lat="64.69478002" lon="14.19940003"/>
      <trkpt lat="64.69819003" lon="14.20190999"/>
      <trkpt lat="64.70053998" lon="14.19150000"/>
      <trkpt lat="64.70933000" lon="14.19029997"/>
      <trkpt lat="64.71683004" lon="14.17801998"/>
      <trkpt lat="64.72219002" lon="14.17072998"/>
      <trkpt lat="64.72834996" lon="14.17027996"/>
      <trkpt lat="64.73295003" lon="14.17312997"/>
      <trkpt lat="64.73966997" lon="14.17617998"/>
      <trkpt lat="64.74474002" lon="14.17992996"/>
      <trkpt lat="64.75009999" lon="14.18489004"/>
      <trkpt lat="64.75706996" lon="14.19367000"/>
      <trkpt lat="64.76303997" lon="14.19832002"/>
      <trkpt lat="64.76958004" lon="14.20014996"/>
      <trkpt lat="64.77961997" lon="14.19649998"/>
      <trkpt lat="64.78512998" lon="14.19710004"/>
      <trkpt lat="64.79247001" lon="14.20446002"/>
      <trkpt lat="64.79976000" lon="14.20985000"/>
      <trkpt lat="64.80672997" lon="14.21664999"/>
      <trkpt lat="64.80973003" lon="14.21865997"/>
      <trkpt lat="64.81387001" lon="14.22988996"/>
      <trkpt lat="64.81853999" lon="14.23508003"/>
      <trkpt lat="64.82037001" lon="14.24520998"/>
      <trkpt lat="64.82522003" lon="14.25627996"/>
      <trkpt lat="64.83021003" lon="14.25589004"/>
      <trkpt lat="64.83360001" lon="14.26334004"/>
      <trkpt lat="64.83797000" lon="14.27602001"/>
      <trkpt lat="64.84256999" lon="14.28531001"/>
      <trkpt lat="64.84462003" lon="14.29159996"/>
      <trkpt lat="64.84710996" lon="14.30028998"/>
      <trkpt lat="64.84932002" lon="14.31140003"/>
      <trkpt lat="64.85033004" lon="14.32064996"/>
      <trkpt lat="64.85018997" lon="14.32822997"/>
      <trkpt lat="64.84798998" lon="14.34419003"/>
      <trkpt lat="64.84867997" lon="14.36403997"/>
      <trkpt lat="64.85175001" lon="14.37561002"/>
      <trkpt lat="64.85520998" lon="14.39477004"/>
      <trkpt lat="64.85369998" lon="14.41330997"/>
      <trkpt lat="64.85330000" lon="14.42301001"/>
      <trkpt lat="64.85819997" lon="14.43323996"/>
      <trkpt lat="64.86098000" lon="14.42476996"/>
      <trkpt lat="64.86334001" lon="14.43013002"/>
      <trkpt lat="64.86554998" lon="14.44517001"/>
      <trkpt lat="64.86799004" lon="14.46539001"/>
      <trkpt lat="64.86983003" lon="14.48502000"/>
      <trkpt lat="64.87289999" lon="14.50176001"/>
      <trkpt lat="64.87880998" lon="14.51647997"/>
      <trkpt lat="64.88556999" lon="14.53205002"/>
      <trkpt lat="64.88928996" lon="14.55132002"/>
      <trkpt lat="64.89187997" lon="14.57558999"/>
      <trkpt lat="64.89829003" lon="14.58585002"/>
      <trkpt lat="64.90518004" lon="14.56964999"/>
      <trkpt lat="64.91162002" lon="14.55494997"/>
      <trkpt lat="64.91858002" lon="14.54801998"/>
      <trkpt lat="64.92233000" lon="14.56044003"/>
      <trkpt lat="64.92535997" lon="14.56771997"/>
      <trkpt lat="64.92870997" lon="14.57466999"/>
      <trkpt lat="64.93211998" lon="14.58158003"/>
      <trkpt lat="64.93529001" lon="14.58808003"/>
      <trkpt lat="64.94156999" lon="14.60207001"/>
      <trkpt lat="64.94330001" lon="14.61145003"/>
      <trkpt lat="64.94491998" lon="14.62097003"/>
      <trkpt lat="64.94713004" lon="14.62915001"/>
      <trkpt lat="64.95033000" lon="14.63884997"/>
      <trkpt lat="64.95289997" lon="14.64816000"/>
      <trkpt lat="64.95519997" lon="14.66395000"/>
      <trkpt lat="64.95916000" lon="14.67343999"/>
      <trkpt lat="64.96490998" lon="14.68393003"/>
      <trkpt lat="64.97254003" lon="14.69723999"/>
      <trkpt lat="64.98013998" lon="14.71279001"/>
      <trkpt lat="64.98400999" lon="14.71795997"/>
      <trkpt lat="64.99038996" lon="14.72336998"/>
      <trkpt lat="64.99306999" lon="14.72411999"/>
      <trkpt lat="65.00104001" lon="14.72378002"/>
      <trkpt lat="65.00941001" lon="14.72658997"/>
      <trkpt lat="65.01394998" lon="14.73094999"/>
      <trkpt lat="65.01837001" lon="14.73399002"/>
      <trkpt lat="65.02949003" lon="14.73278998"/>
      <trkpt lat="65.04190003" lon="14.72601003"/>
      <trkpt lat="65.04890000" lon="14.74808997"/>
      <trkpt lat="65.05067999" lon="14.76423000"/>
      <trkpt lat="65.05173996" lon="14.77814999"/>
      <trkpt lat="65.05583997" lon="14.80001997"/>
      <trkpt lat="65.06202003" lon="14.81222997"/>
      <trkpt lat="65.06068999" lon="14.79603002"/>
      <trkpt lat="65.06727104" lon="14.75639099"/>
      <trkpt lat="65.06879303" lon="14.75517897"/>
      <trkpt lat="65.07106503" lon="14.74938699"/>
      <trkpt lat="65.07478802" lon="14.74463101"/>
      <trkpt lat="65.07687100" lon="14.74367799"/>
      <trkpt lat="65.07871401" lon="14.74260796"/>
      <trkpt lat="65.08065300" lon="14.74271600"/>
      <trkpt lat="65.08353998" lon="14.74388704"/>
      <trkpt lat="65.08451303" lon="14.74011300"/>
      <trkpt lat="65.08514000" lon="14.73523599"/>
      <trkpt lat="65.08631598" lon="14.73231599"/>
      <trkpt lat="65.08889099" lon="14.73216796"/>
      <trkpt lat="65.09138100" lon="14.73079501"/>
      <trkpt lat="65.09397897" lon="14.72771298"/>
      <trkpt lat="65.09587504" lon="14.72578104"/>
      <trkpt lat="65.09789097" lon="14.72491804"/>
      <trkpt lat="65.10065700" lon="14.72523504"/>
      <trkpt lat="65.10313896" lon="14.72680103"/>
      <trkpt lat="65.10510704" lon="14.72845201"/>
      <trkpt lat="65.10687696" lon="14.73019000"/>
      <trkpt lat="65.10909900" lon="14.72756999"/>
      <trkpt lat="65.11118299" lon="14.72439903"/>
      <trkpt lat="65.11344502" lon="14.72407398"/>
      <trkpt lat="65.11557503" lon="14.72331701"/>
      <trkpt lat="65.11835698" lon="14.72168497"/>
      <trkpt lat="65.12134303" lon="14.71740601"/>
      <trkpt lat="65.12312402" lon="14.71463503"/>
      <trkpt lat="65.12503099" lon="14.71364496"/>
      <trkpt lat="65.12626698" lon="14.70984402"/>
      <trkpt lat="65.12774002" lon="14.70468102"/>
      <trkpt lat="65.12918204" lon="14.69845603"/>
      <trkpt lat="65.13084903" lon="14.69594004"/>
      <trkpt lat="65.13346897" lon="14.69362102"/>
      <trkpt lat="65.13544399" lon="14.69129303"/>
      <trkpt lat="65.13760300" lon="14.69221202"/>
      <trkpt lat="65.14033902" lon="14.69095800"/>
      <trkpt lat="65.14250499" lon="14.68979501"/>
      <trkpt lat="65.14483097" lon="14.68690602"/>
      <trkpt lat="65.14626604" lon="14.68362903"/>
      <trkpt lat="65.14750798" lon="14.68065698"/>
      <trkpt lat="65.14849302" lon="14.67689602"/>
      <trkpt lat="65.14975601" lon="14.67349003"/>
      <trkpt lat="65.15089503" lon="14.66970703"/>
      <trkpt lat="65.15212197" lon="14.66533603"/>
      <trkpt lat="65.15370699" lon="14.65938496"/>
      <trkpt lat="65.15433999" lon="14.65534103"/>
      <trkpt lat="65.15592400" lon="14.64858497"/>
      <trkpt lat="65.15727399" lon="14.64518703"/>
      <trkpt lat="65.15783298" lon="14.63862802"/>
      <trkpt lat="65.15799500" lon="14.63406801"/>
      <trkpt lat="65.15865801" lon="14.63008502"/>
      <trkpt lat="65.15914902" lon="14.62597797"/>
      <trkpt lat="65.15967297" lon="14.62242899"/>
      <trkpt lat="65.16106403" lon="14.61955701"/>
      <trkpt lat="65.16143200" lon="14.61478796"/>
      <trkpt lat="65.16178203" lon="14.60999401"/>
      <trkpt lat="65.16260597" lon="14.60639197"/>
      <trkpt lat="65.16388304" lon="14.60309797"/>
      <trkpt lat="65.16501300" lon="14.59939904"/>
      <trkpt lat="65.16567098" lon="14.59525402"/>
      <trkpt lat="65.16652199" lon="14.59092602"/>
      <trkpt lat="65.16754199" lon="14.58773402"/>
      <trkpt lat="65.16909800" lon="14.58450498"/>
      <trkpt lat="65.17177401" lon="14.58115197"/>
      <trkpt lat="65.17346296" lon="14.57876598"/>
      <trkpt lat="65.17521101" lon="14.57592602"/>
      <trkpt lat="65.17690801" lon="14.57265498"/>
      <trkpt lat="65.17907398" lon="14.57095698"/>
      <trkpt lat="65.18094599" lon="14.56912100"/>
      <trkpt lat="65.18261500" lon="14.56668003"/>
      <trkpt lat="65.18475699" lon="14.56650199"/>
      <trkpt lat="65.18650797" lon="14.56791803"/>
      <trkpt lat="65.18819701" lon="14.56679704"/>
      <trkpt lat="65.18914098" lon="14.56140202"/>
      <trkpt lat="65.19045099" lon="14.55856701"/>
      <trkpt lat="65.19214103" lon="14.55531802"/>
      <trkpt lat="65.19391799" lon="14.55246197"/>
      <trkpt lat="65.19568800" lon="14.55031704"/>
      <trkpt lat="65.19731401" lon="14.54828200"/>
      <trkpt lat="65.19922500" lon="14.54814202"/>
      <trkpt lat="65.20347403" lon="14.54710099"/>
      <trkpt lat="65.20659001" lon="14.54575201"/>
      <trkpt lat="65.20914800" lon="14.54346601"/>
      <trkpt lat="65.21112202" lon="14.54245599"/>
      <trkpt lat="65.21314700" lon="14.54121304"/>
      <trkpt lat="65.21527098" lon="14.53910398"/>
      <trkpt lat="65.21766099" lon="14.53822900"/>
      <trkpt lat="65.21935699" lon="14.53693600"/>
      <trkpt lat="65.22143302" lon="14.53822204"/>
      <trkpt lat="65.22360703" lon="14.53823503"/>
      <trkpt lat="65.22695099" lon="14.53537504"/>
      <trkpt lat="65.22862804" lon="14.53360101"/>
      <trkpt lat="65.23008096" lon="14.53019000"/>
      <trkpt lat="65.23122400" lon="14.52653800"/>
      <trkpt lat="65.23308202" lon="14.52320200"/>
      <trkpt lat="65.23473602" lon="14.51940802"/>
      <trkpt lat="65.23647803" lon="14.51681701"/>
      <trkpt lat="65.23814200" lon="14.51485497"/>
      <trkpt lat="65.24012298" lon="14.51253603"/>
      <trkpt lat="65.24182702" lon="14.51090802"/>
      <trkpt lat="65.24412501" lon="14.50794099"/>
      <trkpt lat="65.24617698" lon="14.50700004"/>
      <trkpt lat="65.24773300" lon="14.50456803"/>
      <trkpt lat="65.24948498" lon="14.50379698"/>
      <trkpt lat="65.25039501" lon="14.50725904"/>
      <trkpt lat="65.25155397" lon="14.51204896"/>
      <trkpt lat="65.25249702" lon="14.51642004"/>
      <trkpt lat="65.25132900" lon="14.51983499"/>
      <trkpt lat="65.25123999" lon="14.52446901"/>
      <trkpt lat="65.25267396" lon="14.53151903"/>
      <trkpt lat="65.25334803" lon="14.53580897"/>
      <trkpt lat="65.25464304" lon="14.53923298"/>
      <trkpt lat="65.25525802" lon="14.54393003"/>
      <trkpt lat="65.25711000" lon="14.54579400"/>
      <trkpt lat="65.25841598" lon="14.54912597"/>
      <trkpt lat="65.26043602" lon="14.55475199"/>
      <trkpt lat="65.26477600" lon="14.56038899"/>
      <trkpt lat="65.26702101" lon="14.56297204"/>
      <trkpt lat="65.26865498" lon="14.56562097"/>
      <trkpt lat="65.26967598" lon="14.56978904"/>
      <trkpt lat="65.27164103" lon="14.57141798"/>
      <trkpt lat="65.27482599" lon="14.57451199"/>
      <trkpt lat="65.27745003" lon="14.57626901"/>
      <trkpt lat="65.27907302" lon="14.57975202"/>
      <trkpt lat="65.28082903" lon="14.58290203"/>
      <trkpt lat="65.28429000" lon="14.58538500"/>
      <trkpt lat="65.28646703" lon="14.58651102"/>
      <trkpt lat="65.28839696" lon="14.58758298"/>
      <trkpt lat="65.29065697" lon="14.58866903"/>
      <trkpt lat="65.29334103" lon="14.58910204"/>
      <trkpt lat="65.29573197" lon="14.59306098"/>
      <trkpt lat="65.29910903" lon="14.59730297"/>
      <trkpt lat="65.30090100" lon="14.59936802"/>
      <trkpt lat="65.30343904" lon="14.60115303"/>
      <trkpt lat="65.30443800" lon="14.60529998"/>
      <trkpt lat="65.30557198" lon="14.60740400"/>
      <trkpt lat="65.30503403" lon="14.61176896"/>
      <trkpt lat="65.30516102" lon="14.61939197"/>
      <trkpt lat="65.30440598" lon="14.62531999"/>
      <trkpt lat="65.30490797" lon="14.62946802"/>
      <trkpt lat="65.30635703" lon="14.63206801"/>
      <trkpt lat="65.30874101" lon="14.63575202"/>
      <trkpt lat="65.31049099" lon="14.63888501"/>
      <trkpt lat="65.31114503" lon="14.64308602"/>
      <trkpt lat="65.31156496" lon="14.64821097"/>
      <trkpt lat="65.31155298" lon="14.65432799"/>
      <trkpt lat="65.31181399" lon="14.65935898"/>
      <trkpt lat="65.31100798" lon="14.66770199"/>
      <trkpt lat="65.30969798" lon="14.67202303"/>
      <trkpt lat="65.30907604" lon="14.67645102"/>
      <trkpt lat="65.30699104" lon="14.68026898"/>
      <trkpt lat="65.30580802" lon="14.68573499"/>
      <trkpt lat="65.30442903" lon="14.68907098"/>
      <trkpt lat="65.30434001" lon="14.69515096"/>
      <trkpt lat="65.30489498" lon="14.69930897"/>
      <trkpt lat="65.30608202" lon="14.70263902"/>
      <trkpt lat="65.30709104" lon="14.70640199"/>
      <trkpt lat="65.30840398" lon="14.70997101"/>
      <trkpt lat="65.30984097" lon="14.71368503"/>
      <trkpt lat="65.31116699" lon="14.71663403"/>
      <trkpt lat="65.31249502" lon="14.71992401"/>
      <trkpt lat="65.31290598" lon="14.72613500"/>
      <trkpt lat="65.31568601" lon="14.73008397"/>
      <trkpt lat="65.31764000" lon="14.73361803"/>
      <trkpt lat="65.31850501" lon="14.73793404"/>
      <trkpt lat="65.31976799" lon="14.74116300"/>
      <trkpt lat="65.32135502" lon="14.74429096"/>
      <trkpt lat="65.32191603" lon="14.75089003"/>
      <trkpt lat="65.32180496" lon="14.75528802"/>
      <trkpt lat="65.32343399" lon="14.76222698"/>
      <trkpt lat="65.32555000" lon="14.76784998"/>
      <trkpt lat="65.32711004" lon="14.77179903"/>
      <trkpt lat="65.32842298" lon="14.77497803"/>
      <trkpt lat="65.32997204" lon="14.77850002"/>
      <trkpt lat="65.33288199" lon="14.77833096"/>
      <trkpt lat="65.33494804" lon="14.77771103"/>
      <trkpt lat="65.33837004" lon="14.77800499"/>
      <trkpt lat="65.34027801" lon="14.77788001"/>
      <trkpt lat="65.34200602" lon="14.77915498"/>
      <trkpt lat="65.34407099" lon="14.77743099"/>
      <trkpt lat="65.34830804" lon="14.78041504"/>
      <trkpt lat="65.35044802" lon="14.78015101"/>
      <trkpt lat="65.35275699" lon="14.77894200"/>
      <trkpt lat="65.35508196" lon="14.77983098"/>
      <trkpt lat="65.35813599" lon="14.78023902"/>
      <trkpt lat="65.36080403" lon="14.78099699"/>
      <trkpt lat="65.36319799" lon="14.78149597"/>
      <trkpt lat="65.36535197" lon="14.78098501"/>
      <trkpt lat="65.36733898" lon="14.78108098"/>
      <trkpt lat="65.36927998" lon="14.78332900"/>
      <trkpt lat="65.37067800" lon="14.78622001"/>
      <trkpt lat="65.37270499" lon="14.78873399"/>
      <trkpt lat="65.37763800" lon="14.79070801"/>
      <trkpt lat="65.38103803" lon="14.79291203"/>
      <trkpt lat="65.38914802" lon="14.79308696"/>
      <trkpt lat="65.39160602" lon="14.79378099"/>
      <trkpt lat="65.39332104" lon="14.79495403"/>
      <trkpt lat="65.39514603" lon="14.79669303"/>
      <trkpt lat="65.39829704" lon="14.79813304"/>
      <trkpt lat="65.39985004" lon="14.79892898"/>
      <trkpt lat="65.40201299" lon="14.80052699"/>
      <trkpt lat="65.40399799" lon="14.80322597"/>
      <trkpt lat="65.40528201" lon="14.80674997"/>
      <trkpt lat="65.40694004" lon="14.80896899"/>
      <trkpt lat="65.40876696" lon="14.80862098"/>
      <trkpt lat="65.41073998" lon="14.80875903"/>
      <trkpt lat="65.41270997" lon="14.80946302"/>
      <trkpt lat="65.41411403" lon="14.81216703"/>
      <trkpt lat="65.41616801" lon="14.81522701"/>
      <trkpt lat="65.41730996" lon="14.81990897"/>
      <trkpt lat="65.41880303" lon="14.82364001"/>
      <trkpt lat="65.41994004" lon="14.82734498"/>
      <trkpt lat="65.42083397" lon="14.83176199"/>
      <trkpt lat="65.42272802" lon="14.82336198"/>
      <trkpt lat="65.42236199" lon="14.81413702"/>
      <trkpt lat="65.42126203" lon="14.80867202"/>
      <trkpt lat="65.41948800" lon="14.80063504"/>
      <trkpt lat="65.41815796" lon="14.79580496"/>
      <trkpt lat="65.41800901" lon="14.79060399"/>
      <trkpt lat="65.41803198" lon="14.78141097"/>
      <trkpt lat="65.41884704" lon="14.76285000"/>
      <trkpt lat="65.41678702" lon="14.74762696"/>
      <trkpt lat="65.41684703" lon="14.74172903"/>
      <trkpt lat="65.41628896" lon="14.72353804"/>
      <trkpt lat="65.41729202" lon="14.71560901"/>
      <trkpt lat="65.41811597" lon="14.70683802"/>
      <trkpt lat="65.41811303" lon="14.70042201"/>
      <trkpt lat="65.41666699" lon="14.69526697"/>
      <trkpt lat="65.41631302" lon="14.68840001"/>
      <trkpt lat="65.41845401" lon="14.68256998"/>
      <trkpt lat="65.41981003" lon="14.67707698"/>
      <trkpt lat="65.42141701" lon="14.67351803"/>
      <trkpt lat="65.42266801" lon="14.66603198"/>
      <trkpt lat="65.42359798" lon="14.65992501"/>
      <trkpt lat="65.42586302" lon="14.65273200"/>
      <trkpt lat="65.42617600" lon="14.65002397"/>
      <trkpt lat="65.42681102" lon="14.64713297"/>
      <trkpt lat="65.42729901" lon="14.64338198"/>
      <trkpt lat="65.42837701" lon="14.64022896"/>
      <trkpt lat="65.42993504" lon="14.63787801"/>
      <trkpt lat="65.43159499" lon="14.63675802"/>
      <trkpt lat="65.43344202" lon="14.63426800"/>
      <trkpt lat="65.43506904" lon="14.63191797"/>
      <trkpt lat="65.43637301" lon="14.63078499"/>
      <trkpt lat="65.43615399" lon="14.62668900"/>
      <trkpt lat="65.43561202" lon="14.62249797"/>
      <trkpt lat="65.43543298" lon="14.61864296"/>
      <trkpt lat="65.43632900" lon="14.61469400"/>
      <trkpt lat="65.43794302" lon="14.61264797"/>
      <trkpt lat="65.43928203" lon="14.60928298"/>
      <trkpt lat="65.44084400" lon="14.60509496"/>
      <trkpt lat="65.44197002" lon="14.60125898"/>
      <trkpt lat="65.44271903" lon="14.59647099"/>
      <trkpt lat="65.44398000" lon="14.59039503"/>
      <trkpt lat="65.44476002" lon="14.58656500"/>
      <trkpt lat="65.44567298" lon="14.58211203"/>
      <trkpt lat="65.44670002" lon="14.57808201"/>
      <trkpt lat="65.44685600" lon="14.57390204"/>
      <trkpt lat="65.44808001" lon="14.56903802"/>
      <trkpt lat="65.44934400" lon="14.56448900"/>
      <trkpt lat="65.45028102" lon="14.56071404"/>
      <trkpt lat="65.45122297" lon="14.55700697"/>
      <trkpt lat="65.45199998" lon="14.55309900"/>
      <trkpt lat="65.45269802" lon="14.54904299"/>
      <trkpt lat="65.45350503" lon="14.54490602"/>
      <trkpt lat="65.45446602" lon="14.54088497"/>
      <trkpt lat="65.45550596" lon="14.53689602"/>
      <trkpt lat="65.45592397" lon="14.53112299"/>
      <trkpt lat="65.45644599" lon="14.52609301"/>
      <trkpt lat="65.45665797" lon="14.52139503"/>
      <trkpt lat="65.45699199" lon="14.51607596"/>
      <trkpt lat="65.45761200" lon="14.51192399"/>
      <trkpt lat="65.45832102" lon="14.50775499"/>
      <trkpt lat="65.45963597" lon="14.50504999"/>
      <trkpt lat="65.46108697" lon="14.50285996"/>
      <trkpt lat="65.46306602" lon="14.50225797"/>
      <trkpt lat="65.46491599" lon="14.50120999"/>
      <trkpt lat="65.46673000" lon="14.50058503"/>
      <trkpt lat="65.47256003" lon="14.50078502"/>
      <trkpt lat="65.47611899" lon="14.50152397"/>
      <trkpt lat="65.47830096" lon="14.50275502"/>
      <trkpt lat="65.48016200" lon="14.50455604"/>
      <trkpt lat="65.48197299" lon="14.50749901"/>
      <trkpt lat="65.48400401" lon="14.50997402"/>
      <trkpt lat="65.48718302" lon="14.51469898"/>
      <trkpt lat="65.48925603" lon="14.51683100"/>
      <trkpt lat="65.49121899" lon="14.51859104"/>
      <trkpt lat="65.49382702" lon="14.51754497"/>
      <trkpt lat="65.49766299" lon="14.51606004"/>
      <trkpt lat="65.50154298" lon="14.51677501"/>
      <trkpt lat="65.50420398" lon="14.51725404"/>
      <trkpt lat="65.50607197" lon="14.51758898"/>
      <trkpt lat="65.50818203" lon="14.51471600"/>
      <trkpt lat="65.51198398" lon="14.50711596"/>
      <trkpt lat="65.51377804" lon="14.50325400"/>
      <trkpt lat="65.51506701" lon="14.50029703"/>
      <trkpt lat="65.51696400" lon="14.50041999"/>
      <trkpt lat="65.51843704" lon="14.50491797"/>
      <trkpt lat="65.51874298" lon="14.51008600"/>
      <trkpt lat="65.51925000" lon="14.51414804"/>
      <trkpt lat="65.51901204" lon="14.51918598"/>
      <trkpt lat="65.51805197" lon="14.52515599"/>
      <trkpt lat="65.51773103" lon="14.52943797"/>
      <trkpt lat="65.51763497" lon="14.53380402"/>
      <trkpt lat="65.51785500" lon="14.53957899"/>
      <trkpt lat="65.51730900" lon="14.54518396"/>
      <trkpt lat="65.51616596" lon="14.54873102"/>
      <trkpt lat="65.51679703" lon="14.55282097"/>
      <trkpt lat="65.51880802" lon="14.55508400"/>
      <trkpt lat="65.52139199" lon="14.55493597"/>
      <trkpt lat="65.52260896" lon="14.55855000"/>
      <trkpt lat="65.52397898" lon="14.56465797"/>
      <trkpt lat="65.52721197" lon="14.58000499"/>
      <trkpt lat="65.52963501" lon="14.58511401"/>
      <trkpt lat="65.53166402" lon="14.58550503"/>
      <trkpt lat="65.53506698" lon="14.58457204"/>
      <trkpt lat="65.53904403" lon="14.58350703"/>
      <trkpt lat="65.54098796" lon="14.58308903"/>
      <trkpt lat="65.54396404" lon="14.58280697"/>
      <trkpt lat="65.54606002" lon="14.58281402"/>
      <trkpt lat="65.54854701" lon="14.58123302"/>
      <trkpt lat="65.55304298" lon="14.58042400"/>
      <trkpt lat="65.55561497" lon="14.57880897"/>
      <trkpt lat="65.55835904" lon="14.57676304"/>
      <trkpt lat="65.56096396" lon="14.57863304"/>
      <trkpt lat="65.56294997" lon="14.57961900"/>
      <trkpt lat="65.56495903" lon="14.58192503"/>
      <trkpt lat="65.56665704" lon="14.58355699"/>
      <trkpt lat="65.56841900" lon="14.58473699"/>
      <trkpt lat="65.57102803" lon="14.58723103"/>
      <trkpt lat="65.57282603" lon="14.58846199"/>
      <trkpt lat="65.57472596" lon="14.58922097"/>
      <trkpt lat="65.57724003" lon="14.59078403"/>
      <trkpt lat="65.57993799" lon="14.59610503"/>
      <trkpt lat="65.58214000" lon="14.59598098"/>
      <trkpt lat="65.58475600" lon="14.59657199"/>
      <trkpt lat="65.58499304" lon="14.60292203"/>
      <trkpt lat="65.58807699" lon="14.60396801"/>
      <trkpt lat="65.59703196" lon="14.60220496"/>
      <trkpt lat="65.59887598" lon="14.60059396"/>
      <trkpt lat="65.60065596" lon="14.59986700"/>
      <trkpt lat="65.60295898" lon="14.59764504"/>
      <trkpt lat="65.60499603" lon="14.59797897"/>
      <trkpt lat="65.60875699" lon="14.59581401"/>
      <trkpt lat="65.61296102" lon="14.59742401"/>
      <trkpt lat="65.61500796" lon="14.59771997"/>
      <trkpt lat="65.61731298" lon="14.59735704"/>
      <trkpt lat="65.62000299" lon="14.60080996"/>
      <trkpt lat="65.62208497" lon="14.60214302"/>
      <trkpt lat="65.62411498" lon="14.60332696"/>
      <trkpt lat="65.62617701" lon="14.60372401"/>
      <trkpt lat="65.63037098" lon="14.60710603"/>
      <trkpt lat="65.63285898" lon="14.60999502"/>
      <trkpt lat="65.63485002" lon="14.60820498"/>
      <trkpt lat="65.63698104" lon="14.60850002"/>
      <trkpt lat="65.64059104" lon="14.60886103"/>
      <trkpt lat="65.64341800" lon="14.60973904"/>
      <trkpt lat="65.64636600" lon="14.61021404"/>
      <trkpt lat="65.64824103" lon="14.61031596"/>
      <trkpt lat="65.65111804" lon="14.61072299"/>
      <trkpt lat="65.65513900" lon="14.61108601"/>
      <trkpt lat="65.65847400" lon="14.61018202"/>
      <trkpt lat="65.66092797" lon="14.60712899"/>
      <trkpt lat="65.66251198" lon="14.60732002"/>
      <trkpt lat="65.66422096" lon="14.60782897"/>
      <trkpt lat="65.66614000" lon="14.60760701"/>
      <trkpt lat="65.66868198" lon="14.60693697"/>
      <trkpt lat="65.67052801" lon="14.60450303"/>
      <trkpt lat="65.67268602" lon="14.60544096"/>
      <trkpt lat="65.67463699" lon="14.60320098"/>
      <trkpt lat="65.67661000" lon="14.60160800"/>
      <trkpt lat="65.67687999" lon="14.59631600"/>
      <trkpt lat="65.68003401" lon="14.59319903"/>
      <trkpt lat="65.68335802" lon="14.58942700"/>
      <trkpt lat="65.68622304" lon="14.58632704"/>
      <trkpt lat="65.68891598" lon="14.58998599"/>
      <trkpt lat="65.69071499" lon="14.58994400"/>
      <trkpt lat="65.69329896" lon="14.59020199"/>
      <trkpt lat="65.69652599" lon="14.59355702"/>
      <trkpt lat="65.69955999" lon="14.59731597"/>
      <trkpt lat="65.70341701" lon="14.59960297"/>
      <trkpt lat="65.70575899" lon="14.60106100"/>
      <trkpt lat="65.70800501" lon="14.60258299"/>
      <trkpt lat="65.70945801" lon="14.60529897"/>
      <trkpt lat="65.71135903" lon="14.60894904"/>
      <trkpt lat="65.71354402" lon="14.61289700"/>
      <trkpt lat="65.71711203" lon="14.61284403"/>
      <trkpt lat="65.72093502" lon="14.61204800"/>
      <trkpt lat="65.72342302" lon="14.61136303"/>
      <trkpt lat="65.72540400" lon="14.61208999"/>
      <trkpt lat="65.72683998" lon="14.61508996"/>
      <trkpt lat="65.72854101" lon="14.61350100"/>
      <trkpt lat="65.72985898" lon="14.60753996"/>
      <trkpt lat="65.73071502" lon="14.60331397"/>
      <trkpt lat="65.73255803" lon="14.59600504"/>
      <trkpt lat="65.73439501" lon="14.59914196"/>
      <trkpt lat="65.73636501" lon="14.59805097"/>
      <trkpt lat="65.73797199" lon="14.59968503"/>
      <trkpt lat="65.73947201" lon="14.60243303"/>
      <trkpt lat="65.73905401" lon="14.60779200"/>
      <trkpt lat="65.73830500" lon="14.61406804"/>
      <trkpt lat="65.73688704" lon="14.61886902"/>
      <trkpt lat="65.73779203" lon="14.62307196"/>
      <trkpt lat="65.73939398" lon="14.62607101"/>
      <trkpt lat="65.74113297" lon="14.62739199"/>
      <trkpt lat="65.74293902" lon="14.62791100"/>
      <trkpt lat="65.74462001" lon="14.62572902"/>
      <trkpt lat="65.74708404" lon="14.62687299"/>
      <trkpt lat="65.74923500" lon="14.63220103"/>
      <trkpt lat="65.74947598" lon="14.64034597"/>
      <trkpt lat="65.75029297" lon="14.64508502"/>
      <trkpt lat="65.75180599" lon="14.64892100"/>
      <trkpt lat="65.75303997" lon="14.65251599"/>
      <trkpt lat="65.75220203" lon="14.65699403"/>
      <trkpt lat="65.75090200" lon="14.66133401"/>
      <trkpt lat="65.75174002" lon="14.66554197"/>
      <trkpt lat="65.75293897" lon="14.67499601"/>
      <trkpt lat="65.75391102" lon="14.67919802"/>
      <trkpt lat="65.75442499" lon="14.68523702"/>
      <trkpt lat="65.75569603" lon="14.68481298"/>
      <trkpt lat="65.75732597" lon="14.68324799"/>
      <trkpt lat="65.75891401" lon="14.68683000"/>
      <trkpt lat="65.76025100" lon="14.69106101"/>
      <trkpt lat="65.76173703" lon="14.69437304"/>
      <trkpt lat="65.76355197" lon="14.69440003"/>
      <trkpt lat="65.76533203" lon="14.69669801"/>
      <trkpt lat="65.76662603" lon="14.70058898"/>
      <trkpt lat="65.76788801" lon="14.70349196"/>
      <trkpt lat="65.76821004" lon="14.70793697"/>
      <trkpt lat="65.76832596" lon="14.71269999"/>
      <trkpt lat="65.76892703" lon="14.71908901"/>
      <trkpt lat="65.76984996" lon="14.72478996"/>
      <trkpt lat="65.77007602" lon="14.72945097"/>
      <trkpt lat="65.77100901" lon="14.73513901"/>
      <trkpt lat="65.77095604" lon="14.74004100"/>
      <trkpt lat="65.77166003" lon="14.74573600"/>
      <trkpt lat="65.77186002" lon="14.75044504"/>
      <trkpt lat="65.77173597" lon="14.75514703"/>
      <trkpt lat="65.77281900" lon="14.75829704"/>
      <trkpt lat="65.77468003" lon="14.75992396"/>
      <trkpt lat="65.77548503" lon="14.76464599"/>
      <trkpt lat="65.77569902" lon="14.76938403"/>
      <trkpt lat="65.77536601" lon="14.77401998"/>
      <trkpt lat="65.77476402" lon="14.77821001"/>
      <trkpt lat="65.77458900" lon="14.78282500"/>
      <trkpt lat="65.77396598" lon="14.78701302"/>
      <trkpt lat="65.77345502" lon="14.79297096"/>
      <trkpt lat="65.77487198" lon="14.79527003"/>
      <trkpt lat="65.77619397" lon="14.79329299"/>
      <trkpt lat="65.77786197" lon="14.79497801"/>
      <trkpt lat="65.77921900" lon="14.79856504"/>
      <trkpt lat="65.77958898" lon="14.80282104"/>
      <trkpt lat="65.78126703" lon="14.80721097"/>
      <trkpt lat="65.78228602" lon="14.81192403"/>
      <trkpt lat="65.78203197" lon="14.81691797"/>
      <trkpt lat="65.78103100" lon="14.82389499"/>
      <trkpt lat="65.77993398" lon="14.83006096"/>
      <trkpt lat="65.77865398" lon="14.83614597"/>
      <trkpt lat="65.77785401" lon="14.84107303"/>
      <trkpt lat="65.77822298" lon="14.84606202"/>
      <trkpt lat="65.77772501" lon="14.85149299"/>
      <trkpt lat="65.77775996" lon="14.85584504"/>
      <trkpt lat="65.77824804" lon="14.86082196"/>
      <trkpt lat="65.77911699" lon="14.86569202"/>
      <trkpt lat="65.78018703" lon="14.87017801"/>
      <trkpt lat="65.78096696" lon="14.87589296"/>
      <trkpt lat="65.77958797" lon="14.88092604"/>
      <trkpt lat="65.77876302" lon="14.88568897"/>
      <trkpt lat="65.77739401" lon="14.89161900"/>
      <trkpt lat="65.77644702" lon="14.89588598"/>
      <trkpt lat="65.77806003" lon="14.89607801"/>
      <trkpt lat="65.77856999" lon="14.90127596"/>
      <trkpt lat="65.77741303" lon="14.90816304"/>
      <trkpt lat="65.77630302" lon="14.91344204"/>
      <trkpt lat="65.77474197" lon="14.91766300"/>
      <trkpt lat="65.77375199" lon="14.92221002"/>
      <trkpt lat="65.77298303" lon="14.92684504"/>
      <trkpt lat="65.77191300" lon="14.93282704"/>
      <trkpt lat="65.77059603" lon="14.93817603"/>
      <trkpt lat="65.76964896" lon="14.94259204"/>
      <trkpt lat="65.76883399" lon="14.95034597"/>
      <trkpt lat="65.76870801" lon="14.95963697"/>
      <trkpt lat="65.76834197" lon="14.96572198"/>
      <trkpt lat="65.76809102" lon="14.97073897"/>
      <trkpt lat="65.76827701" lon="14.97607598"/>
      <trkpt lat="65.76770101" lon="14.98194901"/>
      <trkpt lat="65.76819202" lon="14.98570201"/>
      <trkpt lat="65.76932802" lon="14.98955299"/>
      <trkpt lat="65.77092804" lon="14.99161301"/>
      <trkpt lat="65.77196304" lon="14.99521798"/>
      <trkpt lat="65.77209204" lon="15.00030203"/>
      <trkpt lat="65.77291497" lon="15.00617003"/>
      <trkpt lat="65.77234701" lon="15.00957199"/>
      <trkpt lat="65.77176698" lon="15.01490297"/>
      <trkpt lat="65.77100004" lon="15.01884003"/>
      <trkpt lat="65.77143297" lon="15.02383296"/>
      <trkpt lat="65.77256000" lon="15.02738697"/>
      <trkpt lat="65.77415197" lon="15.02669496"/>
      <trkpt lat="65.77597897" lon="15.02727600"/>
      <trkpt lat="65.77777497" lon="15.02868399"/>
      <trkpt lat="65.77937398" lon="15.03057000"/>
      <trkpt lat="65.78016196" lon="15.03545296"/>
      <trkpt lat="65.78184002" lon="15.03620197"/>
      <trkpt lat="65.78376099" lon="15.03516597"/>
      <trkpt lat="65.78554499" lon="15.03602101"/>
      <trkpt lat="65.78801002" lon="15.03827800"/>
      <trkpt lat="65.79030801" lon="15.03694000"/>
      <trkpt lat="65.79193401" lon="15.03960703"/>
      <trkpt lat="65.79356404" lon="15.04141501"/>
      <trkpt lat="65.79533396" lon="15.04355500"/>
      <trkpt lat="65.79662897" lon="15.04528301"/>
      <trkpt lat="65.79681303" lon="15.04976900"/>
      <trkpt lat="65.79566002" lon="15.05408904"/>
      <trkpt lat="65.79530496" lon="15.05848903"/>
      <trkpt lat="65.79562599" lon="15.06330100"/>
      <trkpt lat="65.79728502" lon="15.06779999"/>
      <trkpt lat="65.79862503" lon="15.07094203"/>
      <trkpt lat="65.80108303" lon="15.07374401"/>
      <trkpt lat="65.80251298" lon="15.07033702"/>
      <trkpt lat="65.80416002" lon="15.07001398"/>
      <trkpt lat="65.80598200" lon="15.07193201"/>
      <trkpt lat="65.80800799" lon="15.07227399"/>
      <trkpt lat="65.81032097" lon="15.07160202"/>
      <trkpt lat="65.81226499" lon="15.07442504"/>
      <trkpt lat="65.81417296" lon="15.07700801"/>
      <trkpt lat="65.81468501" lon="15.08390699"/>
      <trkpt lat="65.81727996" lon="15.08672699"/>
      <trkpt lat="65.81529999" lon="15.08706001"/>
      <trkpt lat="65.81483999" lon="15.09847004"/>
      <trkpt lat="65.81464000" lon="15.10702997"/>
      <trkpt lat="65.81460002" lon="15.11512002"/>
      <trkpt lat="65.81742003" lon="15.12018998"/>
      <trkpt lat="65.82293004" lon="15.10777999"/>
      <trkpt lat="65.82790998" lon="15.10405004"/>
      <trkpt lat="65.82922996" lon="15.09828002"/>
      <trkpt lat="65.83240997" lon="15.09824004"/>
      <trkpt lat="65.83571998" lon="15.09651999"/>
      <trkpt lat="65.84343997" lon="15.09113001"/>
      <trkpt lat="65.84654002" lon="15.09599998"/>
      <trkpt lat="65.85536004" lon="15.09349002"/>
      <trkpt lat="65.85823998" lon="15.09563997"/>
      <trkpt lat="65.86190002" lon="15.09835999"/>
      <trkpt lat="65.86513996" lon="15.10850997"/>
      <trkpt lat="65.86742001" lon="15.11408997"/>
      <trkpt lat="65.87217003" lon="15.12536002"/>
      <trkpt lat="65.87581004" lon="15.13390001"/>
      <trkpt lat="65.88031003" lon="15.14469003"/>
      <trkpt lat="65.88452999" lon="15.15567997"/>
      <trkpt lat="65.88789004" lon="15.17020999"/>
      <trkpt lat="65.88826999" lon="15.18186000"/>
      <trkpt lat="65.88629999" lon="15.19643001"/>
      <trkpt lat="65.88393001" lon="15.21162003"/>
      <trkpt lat="65.88113003" lon="15.22696001"/>
      <trkpt lat="65.87992002" lon="15.23678997"/>
      <trkpt lat="65.87852997" lon="15.24869998"/>
      <trkpt lat="65.87732004" lon="15.26513002"/>
      <trkpt lat="65.87566000" lon="15.28145998"/>
      <trkpt lat="65.87373996" lon="15.28932002"/>
      <trkpt lat="65.87274997" lon="15.30466000"/>
      <trkpt lat="65.87314996" lon="15.32405999"/>
      <trkpt lat="65.87353997" lon="15.33220997"/>
      <trkpt lat="65.87375999" lon="15.34113997"/>
      <trkpt lat="65.88036996" lon="15.36141001"/>
      <trkpt lat="65.88439998" lon="15.37287000"/>
      <trkpt lat="65.88951998" lon="15.38839001"/>
      <trkpt lat="65.89279002" lon="15.39669002"/>
      <trkpt lat="65.89240998" lon="15.40520998"/>
      <trkpt lat="65.89581002" lon="15.42834001"/>
      <trkpt lat="65.90184004" lon="15.44580999"/>
      <trkpt lat="65.90940999" lon="15.45089001"/>
      <trkpt lat="65.91744002" lon="15.45072002"/>
      <trkpt lat="65.92188997" lon="15.45581002"/>
      <trkpt lat="65.93176997" lon="15.46772003"/>
      <trkpt lat="65.94015003" lon="15.47196002"/>
      <trkpt lat="65.94826003" lon="15.47496996"/>
      <trkpt lat="65.95618998" lon="15.47751999"/>
      <trkpt lat="65.96099004" lon="15.47882999"/>
      <trkpt lat="65.96924001" lon="15.47955997"/>
      <trkpt lat="65.97893000" lon="15.48574003"/>
      <trkpt lat="65.98664001" lon="15.49297001"/>
      <trkpt lat="65.98858000" lon="15.49776002"/>
      <trkpt lat="65.99130001" lon="15.48735003"/>
      <trkpt lat="66.00046998" lon="15.48996996"/>
      <trkpt lat="66.00650000" lon="15.49668001"/>
      <trkpt lat="66.00499000" lon="15.50571998"/>
      <trkpt lat="66.00332997" lon="15.51930000"/>
      <trkpt lat="66.00423999" lon="15.53308002"/>
      <trkpt lat="66.00325998" lon="15.54059003"/>
      <trkpt lat="66.00171000" lon="15.54604003"/>
      <trkpt lat="66.00200001" lon="15.55986003"/>
      <trkpt lat="65.99757998" lon="15.57109999"/>
      <trkpt lat="65.99215002" lon="15.57391003"/>
      <trkpt lat="65.98835997" lon="15.57717000"/>
      <trkpt lat="65.98365001" lon="15.58137998"/>
      <trkpt lat="65.97958999" lon="15.58704003"/>
      <trkpt lat="65.97163003" lon="15.59777004"/>
      <trkpt lat="65.96984996" lon="15.60582002"/>
      <trkpt lat="65.96882997" lon="15.61718998"/>
      <trkpt lat="65.96700003" lon="15.64085998"/>
      <trkpt lat="65.97013000" lon="15.66165003"/>
      <trkpt lat="65.96999003" lon="15.67046997"/>
      <trkpt lat="65.97033000" lon="15.69462997"/>
      <trkpt lat="65.96557997" lon="15.70460997"/>
      <trkpt lat="65.96288997" lon="15.71467001"/>
      <trkpt lat="65.96517001" lon="15.73597999"/>
      <trkpt lat="65.97118998" lon="15.75370001"/>
      <trkpt lat="65.97210998" lon="15.76256999"/>
      <trkpt lat="65.96746003" lon="15.77975004"/>
      <trkpt lat="65.96726004" lon="15.79823004"/>
      <trkpt lat="65.97295999" lon="15.82112001"/>
      <trkpt lat="65.97534003" lon="15.83385003"/>
      <trkpt lat="65.97476997" lon="15.84062998"/>
      <trkpt lat="65.97420998" lon="15.85171999"/>
      <trkpt lat="65.97216002" lon="15.86458001"/>
      <trkpt lat="65.97019999" lon="15.88082003"/>
      <trkpt lat="65.96619998" lon="15.89698001"/>
      <trkpt lat="65.96339003" lon="15.91487001"/>
      <trkpt lat="65.96002998" lon="15.93145997"/>
      <trkpt lat="65.96291997" lon="15.95137001"/>
      <trkpt lat="65.96504998" lon="15.97228998"/>
      <trkpt lat="65.96373998" lon="15.99298004"/>
      <trkpt lat="65.96304000" lon="16.00954000"/>
      <trkpt lat="65.96314000" lon="16.03869997"/>
      <trkpt lat="65.96157996" lon="16.05834003"/>
      <trkpt lat="65.96205002" lon="16.06826998"/>
      <trkpt lat="65.96274002" lon="16.07739000"/>
      <trkpt lat="65.96291997" lon="16.09908999"/>
      <trkpt lat="65.96149002" lon="16.12266996"/>
      <trkpt lat="65.95720997" lon="16.14215001"/>
      <trkpt lat="65.95358002" lon="16.15929997"/>
      <trkpt lat="65.95499002" lon="16.17593000"/>
      <trkpt lat="65.95477997" lon="16.19316000"/>
      <trkpt lat="65.95620004" lon="16.20915997"/>
      <trkpt lat="65.95794003" lon="16.21899001"/>
      <trkpt lat="65.96100002" lon="16.22913999"/>
      <trkpt lat="65.96842999" lon="16.22057998"/>
      <trkpt lat="65.97455003" lon="16.21298002"/>
      <trkpt lat="65.98030002" lon="16.20557997"/>
      <trkpt lat="65.98818001" lon="16.20163000"/>
      <trkpt lat="65.99767000" lon="16.19546997"/>
      <trkpt lat="66.00712001" lon="16.19597004"/>
      <trkpt lat="66.01425000" lon="16.19528004"/>
      <trkpt lat="66.02390997" lon="16.19477000"/>
      <trkpt lat="66.03042003" lon="16.18977003"/>
      <trkpt lat="66.03728003" lon="16.19007002"/>
      <trkpt lat="66.03928003" lon="16.21013001"/>
      <trkpt lat="66.03916001" lon="16.22217002"/>
      <trkpt lat="66.03774003" lon="16.23538996"/>
      <trkpt lat="66.03801998" lon="16.24629004"/>
      <trkpt lat="66.04136000" lon="16.25763997"/>
      <trkpt lat="66.04595999" lon="16.26465001"/>
      <trkpt lat="66.05151996" lon="16.26757002"/>
      <trkpt lat="66.05602004" lon="16.27006003"/>
      <trkpt lat="66.06229004" lon="16.27161001"/>
      <trkpt lat="66.06946997" lon="16.27154002"/>
      <trkpt lat="66.07225000" lon="16.27358001"/>
      <trkpt lat="66.07638001" lon="16.27647998"/>
      <trkpt lat="66.08374000" lon="16.28693003"/>
      <trkpt lat="66.08925001" lon="16.29531998"/>
      <trkpt lat="66.09742999" lon="16.30801999"/>
      <trkpt lat="66.10229996" lon="16.31566001"/>
      <trkpt lat="66.10744997" lon="16.32440996"/>
      <trkpt lat="66.11207996" lon="16.33543996"/>
      <trkpt lat="66.11820001" lon="16.34839998"/>
      <trkpt lat="66.12523000" lon="16.35853001"/>
      <trkpt lat="66.12848000" lon="16.35885003"/>
      <trkpt lat="66.13457004" lon="16.35842004"/>
      <trkpt lat="66.14062001" lon="16.35807998"/>
      <trkpt lat="66.14449002" lon="16.35610999"/>
      <trkpt lat="66.15125002" lon="16.35124002"/>
      <trkpt lat="66.16060004" lon="16.35170999"/>
      <trkpt lat="66.17045003" lon="16.35988000"/>
      <trkpt lat="66.17587999" lon="16.36486002"/>
      <trkpt lat="66.18450003" lon="16.37249996"/>
      <trkpt lat="66.19349004" lon="16.37973002"/>
      <trkpt lat="66.20171000" lon="16.38112997"/>
      <trkpt lat="66.20951003" lon="16.37851004"/>
      <trkpt lat="66.21576000" lon="16.37780000"/>
      <trkpt lat="66.22104001" lon="16.37511997"/>
      <trkpt lat="66.22711999" lon="16.38693997"/>
      <trkpt lat="66.23571999" lon="16.39070000"/>
      <trkpt lat="66.24257999" lon="16.38190001"/>
      <trkpt lat="66.24802002" lon="16.38056997"/>
      <trkpt lat="66.25255999" lon="16.38378996"/>
      <trkpt lat="66.25676000" lon="16.38765000"/>
      <trkpt lat="66.26368999" lon="16.39247999"/>
      <trkpt lat="66.26756997" lon="16.40737002"/>
      <trkpt lat="66.27196996" lon="16.42944996"/>
      <trkpt lat="66.27894999" lon="16.46277004"/>
      <trkpt lat="66.28271003" lon="16.47933997"/>
      <trkpt lat="66.28279997" lon="16.49580002"/>
      <trkpt lat="66.28158996" lon="16.51078996"/>
      <trkpt lat="66.28291002" lon="16.52233997"/>
      <trkpt lat="66.28223000" lon="16.53863003"/>
      <trkpt lat="66.28492998" lon="16.55242003"/>
      <trkpt lat="66.28485002" lon="16.56056003"/>
      <trkpt lat="66.28314002" lon="16.58272002"/>
      <trkpt lat="66.28738001" lon="16.59550996"/>
      <trkpt lat="66.28432003" lon="16.61476001"/>
      <trkpt lat="66.28097003" lon="16.63409002"/>
      <trkpt lat="66.27931000" lon="16.65032996"/>
      <trkpt lat="66.27874020" lon="16.66072394"/>
      <trkpt lat="66.28452002" lon="16.66311999"/>
      <trkpt lat="66.28705001" lon="16.66619003"/>
      <trkpt lat="66.29325002" lon="16.67391999"/>
      <trkpt lat="66.29825997" lon="16.67647001"/>
      <trkpt lat="66.30367996" lon="16.68012000"/>
      <trkpt lat="66.30737001" lon="16.68409000"/>
      <trkpt lat="66.31076996" lon="16.69600002"/>
      <trkpt lat="66.31804001" lon="16.70326998"/>
      <trkpt lat="66.32073998" lon="16.70840004"/>
      <trkpt lat="66.32284996" lon="16.72934004"/>
      <trkpt lat="66.32500998" lon="16.74737002"/>
      <trkpt lat="66.32809997" lon="16.76103001"/>
      <trkpt lat="66.33203996" lon="16.77146003"/>
      <trkpt lat="66.33360998" lon="16.77947002"/>
      <trkpt lat="66.33710003" lon="16.78964004"/>
      <trkpt lat="66.34043000" lon="16.79976999"/>
      <trkpt lat="66.34351999" lon="16.80613998"/>
      <trkpt lat="66.34807999" lon="16.81933000"/>
      <trkpt lat="66.34988001" lon="16.82888000"/>
      <trkpt lat="66.35201999" lon="16.83771998"/>
      <trkpt lat="66.35286002" lon="16.84854001"/>
      <trkpt lat="66.35467001" lon="16.86007996"/>
      <trkpt lat="66.35573996" lon="16.86626002"/>
      <trkpt lat="66.35756998" lon="16.87855996"/>
      <trkpt lat="66.35885996" lon="16.89085001"/>
      <trkpt lat="66.35867002" lon="16.90842996"/>
      <trkpt lat="66.35933002" lon="16.92607001"/>
      <trkpt lat="66.35828999" lon="16.94372004"/>
      <trkpt lat="66.35592998" lon="16.96014002"/>
      <trkpt lat="66.35651001" lon="16.97672999"/>
      <trkpt lat="66.35812998" lon="16.98900000"/>
      <trkpt lat="66.36403997" lon="16.99517998"/>
      <trkpt lat="66.36770002" lon="16.99424003"/>
      <trkpt lat="66.37393003" lon="16.98449004"/>
      <trkpt lat="66.37977004" lon="16.98608000"/>
      <trkpt lat="66.38438998" lon="16.99461998"/>
      <trkpt lat="66.38858001" lon="17.01052004"/>
      <trkpt lat="66.39144000" lon="17.02993998"/>
      <trkpt lat="66.39264003" lon="17.04113997"/>
      <trkpt lat="66.39453996" lon="17.05935996"/>
      <trkpt lat="66.39645003" lon="17.07976998"/>
      <trkpt lat="66.39832003" lon="17.10014999"/>
      <trkpt lat="66.39961001" lon="17.11534001"/>
      <trkpt lat="66.40102998" lon="17.13595999"/>
      <trkpt lat="66.40357004" lon="17.14968000"/>
      <trkpt lat="66.40627001" lon="17.15532001"/>
      <trkpt lat="66.40953996" lon="17.16903004"/>
      <trkpt lat="66.40683001" lon="17.18822996"/>
      <trkpt lat="66.41097997" lon="17.18841000"/>
      <trkpt lat="66.41716003" lon="17.18736000"/>
      <trkpt lat="66.42058999" lon="17.18729001"/>
      <trkpt lat="66.42348996" lon="17.18680001"/>
      <trkpt lat="66.42753004" lon="17.18880999"/>
      <trkpt lat="66.43092999" lon="17.19619998"/>
      <trkpt lat="66.43312999" lon="17.20378996"/>
      <trkpt lat="66.43722002" lon="17.22350998"/>
      <trkpt lat="66.43887998" lon="17.23810002"/>
      <trkpt lat="66.44579002" lon="17.24102003"/>
      <trkpt lat="66.45331001" lon="17.24260999"/>
      <trkpt lat="66.46044997" lon="17.24191999"/>
      <trkpt lat="66.46651997" lon="17.24146997"/>
      <trkpt lat="66.47419000" lon="17.23905003"/>
      <trkpt lat="66.48409003" lon="17.23501003"/>
      <trkpt lat="66.49033003" lon="17.23266997"/>
      <trkpt lat="66.49184003" lon="17.24202996"/>
      <trkpt lat="66.49213004" lon="17.23509997"/>
      <trkpt lat="66.49460999" lon="17.23160002"/>
      <trkpt lat="66.50009000" lon="17.23476000"/>
      <trkpt lat="66.50560001" lon="17.23889999"/>
      <trkpt lat="66.51105001" lon="17.24215996"/>
      <trkpt lat="66.51903000" lon="17.24158002"/>
      <trkpt lat="66.52920001" lon="17.24191999"/>
      <trkpt lat="66.53490004" lon="17.23915002"/>
      <trkpt lat="66.54266001" lon="17.23099996"/>
      <trkpt lat="66.54846003" lon="17.22918000"/>
      <trkpt lat="66.55264000" lon="17.23059000"/>
      <trkpt lat="66.56291999" lon="17.23217997"/>
      <trkpt lat="66.56567998" lon="17.24227002"/>
      <trkpt lat="66.56482000" lon="17.25649000"/>
      <trkpt lat="66.56518000" lon="17.27053002"/>
      <trkpt lat="66.56347998" lon="17.28261002"/>
      <trkpt lat="66.56110003" lon="17.29902003"/>
      <trkpt lat="66.55972003" lon="17.30681000"/>
      <trkpt lat="66.55727000" lon="17.32200002"/>
      <trkpt lat="66.55362999" lon="17.34075998"/>
      <trkpt lat="66.55563997" lon="17.35946998"/>
      <trkpt lat="66.55500999" lon="17.36977000"/>
      <trkpt lat="66.55369001" lon="17.37908003"/>
      <trkpt lat="66.55598002" lon="17.38670002"/>
      <trkpt lat="66.55897002" lon="17.38956998"/>
      <trkpt lat="66.56357998" lon="17.39097001"/>
      <trkpt lat="66.57069001" lon="17.39957001"/>
      <trkpt lat="66.57978999" lon="17.39806999"/>
      <trkpt lat="66.58418999" lon="17.39173997"/>
      <trkpt lat="66.59311001" lon="17.38595000"/>
      <trkpt lat="66.59625004" lon="17.39389001"/>
      <trkpt lat="66.60368001" lon="17.39147997"/>
      <trkpt lat="66.60719002" lon="17.38707997"/>
      <trkpt lat="66.61369999" lon="17.37269000"/>
      <trkpt lat="66.61845999" lon="17.37302997"/>
      <trkpt lat="66.62445003" lon="17.37840998"/>
      <trkpt lat="66.63021997" lon="17.38837003"/>
      <trkpt lat="66.63299002" lon="17.39134996"/>
      <trkpt lat="66.64234003" lon="17.40305001"/>
      <trkpt lat="66.64787997" lon="17.39700004"/>
      <trkpt lat="66.65423999" lon="17.40298002"/>
      <trkpt lat="66.65747004" lon="17.41428997"/>
      <trkpt lat="66.66201001" lon="17.41845000"/>
      <trkpt lat="66.66655996" lon="17.41365002"/>
      <trkpt lat="66.67471002" lon="17.41005996"/>
      <trkpt lat="66.68318999" lon="17.41082003"/>
      <trkpt lat="66.69057000" lon="17.40813003"/>
      <trkpt lat="66.69737997" lon="17.40361000"/>
      <trkpt lat="66.70370998" lon="17.39596998"/>
      <trkpt lat="66.70974998" lon="17.38844002"/>
      <trkpt lat="66.71794002" lon="17.39363001"/>
      <trkpt lat="66.72084996" lon="17.39892997"/>
      <trkpt lat="66.72425000" lon="17.39688998"/>
      <trkpt lat="66.72885996" lon="17.39749004"/>
      <trkpt lat="66.73623998" lon="17.39954998"/>
      <trkpt lat="66.74332000" lon="17.40846002"/>
      <trkpt lat="66.74558999" lon="17.42015001"/>
      <trkpt lat="66.74859004" lon="17.43857997"/>
      <trkpt lat="66.75418002" lon="17.45648003"/>
      <trkpt lat="66.75770000" lon="17.46755001"/>
      <trkpt lat="66.76111998" lon="17.47729003"/>
      <trkpt lat="66.76462999" lon="17.48814996"/>
      <trkpt lat="66.76737003" lon="17.49401000"/>
      <trkpt lat="66.77109000" lon="17.49857998"/>
      <trkpt lat="66.77739998" lon="17.51737003"/>
      <trkpt lat="66.77623004" lon="17.53411003"/>
      <trkpt lat="66.78153997" lon="17.54924004"/>
      <trkpt lat="66.78734000" lon="17.55086998"/>
      <trkpt lat="66.79058002" lon="17.54111001"/>
      <trkpt lat="66.79567002" lon="17.53943003"/>
      <trkpt lat="66.79971001" lon="17.53842001"/>
      <trkpt lat="66.80398000" lon="17.54018004"/>
      <trkpt lat="66.80680001" lon="17.54397998"/>
      <trkpt lat="66.80962999" lon="17.54883000"/>
      <trkpt lat="66.81632001" lon="17.55773996"/>
      <trkpt lat="66.81943003" lon="17.56336003"/>
      <trkpt lat="66.82637997" lon="17.57387001"/>
      <trkpt lat="66.83890002" lon="17.58425997"/>
      <trkpt lat="66.84492996" lon="17.58919003"/>
      <trkpt lat="66.85317004" lon="17.59215002"/>
      <trkpt lat="66.85952998" lon="17.59689996"/>
      <trkpt lat="66.86386996" lon="17.60036998"/>
      <trkpt lat="66.86792001" lon="17.60440998"/>
      <trkpt lat="66.87173998" lon="17.61451000"/>
      <trkpt lat="66.87594996" lon="17.63128999"/>
      <trkpt lat="66.87756004" lon="17.63831000"/>
      <trkpt lat="66.87944999" lon="17.65560002"/>
      <trkpt lat="66.88460000" lon="17.65367000"/>
      <trkpt lat="66.88962000" lon="17.66009004"/>
      <trkpt lat="66.89530000" lon="17.66519998"/>
      <trkpt lat="66.89923002" lon="17.67005000"/>
      <trkpt lat="66.90219998" lon="17.67369001"/>
      <trkpt lat="66.90859999" lon="17.67159001"/>
      <trkpt lat="66.91164999" lon="17.66962001"/>
      <trkpt lat="66.92116002" lon="17.66873999"/>
      <trkpt lat="66.92487999" lon="17.66486999"/>
      <trkpt lat="66.92199997" lon="17.68499997"/>
      <trkpt lat="66.92106002" lon="17.70767997"/>
      <trkpt lat="66.92770997" lon="17.72132998"/>
      <trkpt lat="66.93511002" lon="17.72605000"/>
      <trkpt lat="66.94378998" lon="17.72423004"/>
      <trkpt lat="66.95094000" lon="17.71741999"/>
      <trkpt lat="66.95383997" lon="17.71991001"/>
      <trkpt lat="66.95184264" lon="17.72010153"/>
      <trkpt lat="66.95079583" lon="17.71647762"/>
      <trkpt lat="66.94959839" lon="17.71115444"/>
      <trkpt lat="66.94906035" lon="17.70695921"/>
      <trkpt lat="66.94981112" lon="17.70257028"/>
      <trkpt lat="66.94877814" lon="17.69951566"/>
      <trkpt lat="66.94690688" lon="17.69733888"/>
      <trkpt lat="66.94538145" lon="17.69376517"/>
      <trkpt lat="66.94430807" lon="17.68920902"/>
      <trkpt lat="66.94426582" lon="17.68297968"/>
      <trkpt lat="66.94385243" lon="17.67817626"/>
      <trkpt lat="66.94345429" lon="17.67348608"/>
      <trkpt lat="66.94416708" lon="17.66853984"/>
      <trkpt lat="66.94392803" lon="17.66273721"/>
      <trkpt lat="66.94320451" lon="17.65767630"/>
      <trkpt lat="66.94306964" lon="17.65177796"/>
      <trkpt lat="66.94255080" lon="17.64637909"/>
      <trkpt lat="66.94175628" lon="17.64133796"/>
      <trkpt lat="66.94190766" lon="17.63584589"/>
      <trkpt lat="66.94234067" lon="17.63063293"/>
      <trkpt lat="66.94321792" lon="17.62627291"/>
      <trkpt lat="66.94425778" lon="17.62177896"/>
      <trkpt lat="66.94509454" lon="17.61702709"/>
      <trkpt lat="66.94559125" lon="17.61215854"/>
      <trkpt lat="66.94554079" lon="17.60715019"/>
      <trkpt lat="66.94383080" lon="17.60552100"/>
      <trkpt lat="66.94232726" lon="17.60248549"/>
      <trkpt lat="66.94079052" lon="17.59826294"/>
      <trkpt lat="66.93979575" lon="17.59301704"/>
      <trkpt lat="66.93927054" lon="17.58848176"/>
      <trkpt lat="66.93924179" lon="17.58357064"/>
      <trkpt lat="66.93962225" lon="17.57772217"/>
      <trkpt lat="66.94041903" lon="17.57255078"/>
      <trkpt lat="66.94106477" lon="17.56812531"/>
      <trkpt lat="66.94192241" lon="17.56180359"/>
      <trkpt lat="66.94311021" lon="17.55717745"/>
      <trkpt lat="66.94386265" lon="17.55221453"/>
      <trkpt lat="66.94534474" lon="17.54718832"/>
      <trkpt lat="66.94567616" lon="17.54072838"/>
      <trkpt lat="66.94598378" lon="17.53592907"/>
      <trkpt lat="66.94655308" lon="17.53165523"/>
      <trkpt lat="66.94796442" lon="17.52735296"/>
      <trkpt lat="66.94917418" lon="17.52289899"/>
      <trkpt lat="66.95006149" lon="17.51820847"/>
      <trkpt lat="66.95055233" lon="17.51244114"/>
      <trkpt lat="66.95102541" lon="17.50616016"/>
      <trkpt lat="66.95176494" lon="17.50172731"/>
      <trkpt lat="66.95324167" lon="17.49756921"/>
      <trkpt lat="66.95412068" lon="17.49214687"/>
      <trkpt lat="66.95531501" lon="17.48507163"/>
      <trkpt lat="66.95555742" lon="17.47956279"/>
      <trkpt lat="66.95621758" lon="17.47515039"/>
      <trkpt lat="66.95646744" lon="17.46926906"/>
      <trkpt lat="66.95716213" lon="17.46461978"/>
      <trkpt lat="66.95803653" lon="17.46053746"/>
      <trkpt lat="66.95911453" lon="17.45656796"/>
      <trkpt lat="66.95857499" lon="17.45114193"/>
      <trkpt lat="66.95869317" lon="17.44621539"/>
      <trkpt lat="66.95851564" lon="17.44142538"/>
      <trkpt lat="66.95831590" lon="17.43585602"/>
      <trkpt lat="66.95874204" lon="17.43046336"/>
      <trkpt lat="66.95988148" lon="17.42675554"/>
      <trkpt lat="66.96120565" lon="17.42284966"/>
      <trkpt lat="66.96129994" lon="17.41749974"/>
      <trkpt lat="66.96068505" lon="17.41218947"/>
      <trkpt lat="66.96014190" lon="17.40758127"/>
      <trkpt lat="66.95942701" lon="17.40221802"/>
      <trkpt lat="66.95833912" lon="17.39812849"/>
      <trkpt lat="66.95687966" lon="17.39442570"/>
      <trkpt lat="66.95631397" lon="17.38961994"/>
      <trkpt lat="66.95751493" lon="17.38786929"/>
      <trkpt lat="66.95714814" lon="17.38301005"/>
      <trkpt lat="66.95727856" lon="17.37767472"/>
      <trkpt lat="66.95913423" lon="17.37447526"/>
      <trkpt lat="66.96095293" lon="17.37173472"/>
      <trkpt lat="66.96232782" lon="17.36996463"/>
      <trkpt lat="66.96466000" lon="17.36846535"/>
      <trkpt lat="66.96685648" lon="17.36607743"/>
      <trkpt lat="66.96840185" lon="17.36319062"/>
      <trkpt lat="66.97014118" lon="17.36062677"/>
      <trkpt lat="66.97190565" lon="17.35700696"/>
      <trkpt lat="66.97367381" lon="17.35596182"/>
      <trkpt lat="66.97524911" lon="17.35303444"/>
      <trkpt lat="66.97691920" lon="17.34846077"/>
      <trkpt lat="66.97825109" lon="17.34433888"/>
      <trkpt lat="66.97957777" lon="17.34117161"/>
      <trkpt lat="66.98111116" lon="17.33823242"/>
      <trkpt lat="66.98191130" lon="17.33410978"/>
      <trkpt lat="66.98246685" lon="17.32907376"/>
      <trkpt lat="66.98300346" lon="17.32447612"/>
      <trkpt lat="66.98359111" lon="17.31891397"/>
      <trkpt lat="66.98403510" lon="17.31417644"/>
      <trkpt lat="66.98482485" lon="17.30906775"/>
      <trkpt lat="66.98573336" lon="17.30419275"/>
      <trkpt lat="66.98669175" lon="17.29942957"/>
      <trkpt lat="66.98771275" lon="17.29456488"/>
      <trkpt lat="66.98888596" lon="17.29098556"/>
      <trkpt lat="66.99029538" lon="17.29132620"/>
      <trkpt lat="66.98947596" lon="17.28661079"/>
      <trkpt lat="66.98983110" lon="17.28154468"/>
      <trkpt lat="66.99056528" lon="17.27706129"/>
      <trkpt lat="66.99217318" lon="17.27407171"/>
      <trkpt lat="66.99432054" lon="17.27098583"/>
      <trkpt lat="66.99603816" lon="17.26815350"/>
      <trkpt lat="66.99768780" lon="17.26490141"/>
      <trkpt lat="66.99894014" lon="17.26121530"/>
      <trkpt lat="67.00020690" lon="17.25740581"/>
      <trkpt lat="67.00206810" lon="17.25348677"/>
      <trkpt lat="67.00333762" lon="17.25009838"/>
      <trkpt lat="67.00424647" lon="17.24608161"/>
      <trkpt lat="67.00491635" lon="17.24169058"/>
      <trkpt lat="67.00580592" lon="17.23751513"/>
      <trkpt lat="67.00759831" lon="17.23443923"/>
      <trkpt lat="67.00937712" lon="17.23275916"/>
      <trkpt lat="67.01107353" lon="17.23161997"/>
      <trkpt lat="67.01306725" lon="17.22870022"/>
      <trkpt lat="67.01515468" lon="17.22523321"/>
      <trkpt lat="67.01666418" lon="17.22167409"/>
      <trkpt lat="67.01812439" lon="17.21880396"/>
      <trkpt lat="67.01953598" lon="17.21582662"/>
      <trkpt lat="67.02076896" lon="17.21199945"/>
      <trkpt lat="67.02208978" lon="17.20869337"/>
      <trkpt lat="67.02343390" lon="17.20485111"/>
      <trkpt lat="67.02424167" lon="17.19995985"/>
      <trkpt lat="67.02529645" lon="17.19653173"/>
      <trkpt lat="67.03244168" lon="17.18639474"/>
      <trkpt lat="67.03425595" lon="17.18541875"/>
      <trkpt lat="67.03603551" lon="17.18470336"/>
      <trkpt lat="67.03826987" lon="17.18336661"/>
      <trkpt lat="67.04009528" lon="17.18291206"/>
      <trkpt lat="67.04183285" lon="17.18402660"/>
      <trkpt lat="67.04390796" lon="17.18685064"/>
      <trkpt lat="67.04561284" lon="17.18841814"/>
      <trkpt lat="67.04748896" lon="17.18505322"/>
      <trkpt lat="67.04855849" lon="17.18161329"/>
      <trkpt lat="67.05009556" lon="17.17775602"/>
      <trkpt lat="67.05196615" lon="17.17454433"/>
      <trkpt lat="67.05356232" lon="17.17224156"/>
      <trkpt lat="67.05541975" lon="17.17221793"/>
      <trkpt lat="67.05744834" lon="17.17241423"/>
      <trkpt lat="67.05903629" lon="17.16994635"/>
      <trkpt lat="67.06070035" lon="17.16803662"/>
      <trkpt lat="67.06220800" lon="17.16426711"/>
      <trkpt lat="67.06314661" lon="17.16019174"/>
      <trkpt lat="67.06479273" lon="17.15717870"/>
      <trkpt lat="67.06686557" lon="17.15699430"/>
      <trkpt lat="67.06792739" lon="17.15773643"/>
      <trkpt lat="67.06907420" lon="17.15410782"/>
      <trkpt lat="67.07032973" lon="17.15071457"/>
      <trkpt lat="67.07138007" lon="17.14710826"/>
      <trkpt lat="67.07253920" lon="17.14267415"/>
      <trkpt lat="67.07476225" lon="17.13976940"/>
      <trkpt lat="67.07680777" lon="17.14101520"/>
      <trkpt lat="67.07962710" lon="17.14187653"/>
      <trkpt lat="67.08143181" lon="17.14341025"/>
      <trkpt lat="67.08357959" lon="17.14330807"/>
      <trkpt lat="67.08570373" lon="17.14262981"/>
      <trkpt lat="67.08812702" lon="17.14089006"/>
      <trkpt lat="67.08995311" lon="17.14096684"/>
      <trkpt lat="67.09149429" lon="17.14346758"/>
      <trkpt lat="67.09366377" lon="17.14514849"/>
      <trkpt lat="67.09507168" lon="17.14918488"/>
      <trkpt lat="67.09637716" lon="17.15279337"/>
      <trkpt lat="67.09830919" lon="17.15543258"/>
      <trkpt lat="67.10021566" lon="17.15624873"/>
      <trkpt lat="67.10238364" lon="17.15555554"/>
      <trkpt lat="67.10419262" lon="17.15392878"/>
      <trkpt lat="67.10627720" lon="17.15431779"/>
      <trkpt lat="67.10803857" lon="17.15332218"/>
      <trkpt lat="67.10997756" lon="17.15164597"/>
      <trkpt lat="67.11166852" lon="17.14965519"/>
      <trkpt lat="67.11355914" lon="17.14785350"/>
      <trkpt lat="67.11566283" lon="17.14645623"/>
      <trkpt lat="67.11733569" lon="17.14429898"/>
      <trkpt lat="67.11891719" lon="17.14194568"/>
      <trkpt lat="67.12059760" lon="17.13979513"/>
      <trkpt lat="67.12237548" lon="17.13769647"/>
      <trkpt lat="67.12438848" lon="17.13617139"/>
      <trkpt lat="67.12609235" lon="17.13453189"/>
      <trkpt lat="67.12825857" lon="17.13290907"/>
      <trkpt lat="67.13058773" lon="17.13126546"/>
      <trkpt lat="67.13265865" lon="17.12991765"/>
      <trkpt lat="67.13478833" lon="17.12924223"/>
      <trkpt lat="67.13710777" lon="17.12697309"/>
      <trkpt lat="67.13937465" lon="17.12668986"/>
      <trkpt lat="67.14171647" lon="17.12601696"/>
      <trkpt lat="67.14361724" lon="17.12544288"/>
      <trkpt lat="67.14547927" lon="17.12518699"/>
      <trkpt lat="67.14759135" lon="17.12636213"/>
      <trkpt lat="67.14946638" lon="17.12548320"/>
      <trkpt lat="67.15149195" lon="17.12363164"/>
      <trkpt lat="67.15345181" lon="17.12326703"/>
      <trkpt lat="67.15553571" lon="17.12197093"/>
      <trkpt lat="67.15748811" lon="17.12058993"/>
      <trkpt lat="67.15939273" lon="17.11878246"/>
      <trkpt lat="67.16163036" lon="17.11784570"/>
      <trkpt lat="67.16346097" lon="17.11608726"/>
      <trkpt lat="67.16578695" lon="17.11621843"/>
      <trkpt lat="67.16798427" lon="17.11587595"/>
      <trkpt lat="67.17012282" lon="17.11498931"/>
      <trkpt lat="67.17222610" lon="17.11462637"/>
      <trkpt lat="67.17401387" lon="17.11559365"/>
      <trkpt lat="67.17630305" lon="17.11705629"/>
      <trkpt lat="67.17862098" lon="17.11768334"/>
      <trkpt lat="67.18051588" lon="17.11775190"/>
      <trkpt lat="67.18266483" lon="17.11772776"/>
      <trkpt lat="67.18502124" lon="17.11833998"/>
      <trkpt lat="67.18697447" lon="17.11920943"/>
      <trkpt lat="67.18884381" lon="17.11991712"/>
      <trkpt lat="67.19078246" lon="17.12307533"/>
      <trkpt lat="67.19247283" lon="17.12425115"/>
      <trkpt lat="67.20341222" lon="17.12070594"/>
      <trkpt lat="67.21279115" lon="17.10827029"/>
      <trkpt lat="67.21790378" lon="17.10204061"/>
      <trkpt lat="67.22187756" lon="17.08929593"/>
      <trkpt lat="67.23491946" lon="17.08020986"/>
      <trkpt lat="67.24545912" lon="17.06806825"/>
      <trkpt lat="67.25157414" lon="17.05481295"/>
      <trkpt lat="67.26907195" lon="17.03473720"/>
      <trkpt lat="67.28561740" lon="17.06325235"/>
      <trkpt lat="67.29718870" lon="17.07759270"/>
      <trkpt lat="67.30926334" lon="17.09810975"/>
      <trkpt lat="67.31774499" lon="17.13603644"/>
      <trkpt lat="67.31759378" lon="17.19317872"/>
      <trkpt lat="67.32248143" lon="17.20522343"/>
      <trkpt lat="67.33679043" lon="17.20615139"/>
      <trkpt lat="67.34113117" lon="17.20349919"/>
      <trkpt lat="67.34326302" lon="17.20115678"/>
      <trkpt lat="67.34545455" lon="17.19632998"/>
      <trkpt lat="67.34683438" lon="17.19183602"/>
      <trkpt lat="67.34966638" lon="17.18601379"/>
      <trkpt lat="67.35206813" lon="17.18097039"/>
      <trkpt lat="67.35413963" lon="17.17705403"/>
      <trkpt lat="67.35844022" lon="17.17583111"/>
      <trkpt lat="67.36057190" lon="17.17489628"/>
      <trkpt lat="67.36261885" lon="17.17312133"/>
      <trkpt lat="67.36431853" lon="17.17091873"/>
      <trkpt lat="67.36785418" lon="17.16562849"/>
      <trkpt lat="67.37017614" lon="17.16064193"/>
      <trkpt lat="67.37185579" lon="17.15827161"/>
      <trkpt lat="67.37513487" lon="17.15410589"/>
      <trkpt lat="67.37775757" lon="17.14957807"/>
      <trkpt lat="67.37990736" lon="17.14583480"/>
      <trkpt lat="67.38219746" lon="17.14328301"/>
      <trkpt lat="67.38541092" lon="17.14307564"/>
      <trkpt lat="67.39089352" lon="17.14719208"/>
      <trkpt lat="67.39601444" lon="17.15058709"/>
      <trkpt lat="67.40136134" lon="17.15232910"/>
      <trkpt lat="67.40538667" lon="17.15362636"/>
      <trkpt lat="67.41469301" lon="17.16018705"/>
      <trkpt lat="67.41996238" lon="17.16393376"/>
      <trkpt lat="67.42331707" lon="17.16685535"/>
      <trkpt lat="67.42585586" lon="17.16876609"/>
      <trkpt lat="67.42858225" lon="17.17024541"/>
      <trkpt lat="67.43060740" lon="17.17138527"/>
      <trkpt lat="67.43411581" lon="17.17390613"/>
      <trkpt lat="67.43642695" lon="17.17629187"/>
      <trkpt lat="67.43853081" lon="17.17864182"/>
      <trkpt lat="67.44079418" lon="17.18093125"/>
      <trkpt lat="67.44238892" lon="17.18386098"/>
      <trkpt lat="67.44520658" lon="17.18124197"/>
      <trkpt lat="67.44896452" lon="17.17377570"/>
      <trkpt lat="67.45192467" lon="17.17061103"/>
      <trkpt lat="67.45497569" lon="17.16914345"/>
      <trkpt lat="67.45727786" lon="17.16795556"/>
      <trkpt lat="67.46022041" lon="17.16550386"/>
      <trkpt lat="67.46252795" lon="17.16406284"/>
      <trkpt lat="67.46431095" lon="17.16246575"/>
      <trkpt lat="67.46594642" lon="17.15982428"/>
      <trkpt lat="67.46837122" lon="17.15679321"/>
      <trkpt lat="67.47053870" lon="17.15496009"/>
      <trkpt lat="67.47393320" lon="17.15594145"/>
      <trkpt lat="67.47533608" lon="17.16152446"/>
      <trkpt lat="67.47766935" lon="17.17225623"/>
      <trkpt lat="67.47969769" lon="17.18211612"/>
      <trkpt lat="67.48041283" lon="17.18682566"/>
      <trkpt lat="67.48446674" lon="17.18844202"/>
      <trkpt lat="67.48747417" lon="17.18844202"/>
      <trkpt lat="67.49028437" lon="17.18844202"/>
      <trkpt lat="67.49378205" lon="17.18781690"/>
      <trkpt lat="67.49630735" lon="17.18765253"/>
      <trkpt lat="67.49842412" lon="17.18692599"/>
      <trkpt lat="67.50150640" lon="17.18254443"/>
      <trkpt lat="67.50467467" lon="17.18214151"/>
      <trkpt lat="67.50862992" lon="17.18241300"/>
      <trkpt lat="67.51220020" lon="17.18539922"/>
      <trkpt lat="67.51546201" lon="17.18778321"/>
      <trkpt lat="67.51699540" lon="17.19049618"/>
      <trkpt lat="67.51814548" lon="17.19667020"/>
      <trkpt lat="67.51851822" lon="17.20339735"/>
      <trkpt lat="67.51935180" lon="17.21149846"/>
      <trkpt lat="67.52176294" lon="17.21551959"/>
      <trkpt lat="67.52375607" lon="17.21740058"/>
      <trkpt lat="67.52841608" lon="17.21993627"/>
      <trkpt lat="67.53182508" lon="17.21985941"/>
      <trkpt lat="67.53491306" lon="17.21640875"/>
      <trkpt lat="67.53682572" lon="17.21476103"/>
      <trkpt lat="67.53872138" lon="17.21418603"/>
      <trkpt lat="67.54214622" lon="17.21418603"/>
      <trkpt lat="67.54529262" lon="17.21418603"/>
      <trkpt lat="67.54955700" lon="17.21225375"/>
      <trkpt lat="67.55249720" lon="17.20963106"/>
      <trkpt lat="67.55544512" lon="17.20634309"/>
      <trkpt lat="67.55781711" lon="17.20452740"/>
      <trkpt lat="67.56067400" lon="17.19930195"/>
      <trkpt lat="67.56071649" lon="17.19218329"/>
      <trkpt lat="67.56025071" lon="17.18046404"/>
      <trkpt lat="67.56022448" lon="17.17533398"/>
      <trkpt lat="67.56127473" lon="17.17028028"/>
      <trkpt lat="67.56278297" lon="17.16768835"/>
      <trkpt lat="67.56469396" lon="17.16590158"/>
      <trkpt lat="67.56726402" lon="17.16377593"/>
      <trkpt lat="67.57521962" lon="17.16122297"/>
      <trkpt lat="67.57781072" lon="17.16117863"/>
      <trkpt lat="67.58034540" lon="17.16393367"/>
      <trkpt lat="67.58222924" lon="17.16960562"/>
      <trkpt lat="67.58429110" lon="17.18073897"/>
      <trkpt lat="67.58556104" lon="17.19429905"/>
      <trkpt lat="67.58579020" lon="17.20624560"/>
      <trkpt lat="67.58628038" lon="17.21353166"/>
      <trkpt lat="67.58626160" lon="17.22264455"/>
      <trkpt lat="67.58591920" lon="17.23337137"/>
      <trkpt lat="67.58591920" lon="17.24045115"/>
      <trkpt lat="67.59140834" lon="17.24564373"/>
      <trkpt lat="67.59660923" lon="17.25148869"/>
      <trkpt lat="67.59871921" lon="17.25620351"/>
      <trkpt lat="67.60148976" lon="17.26361420"/>
      <trkpt lat="67.60326874" lon="17.26754372"/>
      <trkpt lat="67.60956380" lon="17.28039033"/>
      <trkpt lat="67.61148602" lon="17.28413126"/>
      <trkpt lat="67.61378232" lon="17.28976482"/>
      <trkpt lat="67.61849119" lon="17.30325205"/>
      <trkpt lat="67.62379786" lon="17.31424022"/>
      <trkpt lat="67.62506118" lon="17.31775895"/>
      <trkpt lat="67.62556661" lon="17.32400288"/>
      <trkpt lat="67.62768740" lon="17.33049307"/>
      <trkpt lat="67.62938440" lon="17.33504595"/>
      <trkpt lat="67.63157350" lon="17.33831950"/>
      <trkpt lat="67.63270883" lon="17.34363321"/>
      <trkpt lat="67.63362640" lon="17.34877358"/>
      <trkpt lat="67.63362640" lon="17.35670052"/>
      <trkpt lat="67.63440725" lon="17.36214238"/>
      <trkpt lat="67.63609311" lon="17.36930707"/>
      <trkpt lat="67.63724193" lon="17.37324245"/>
      <trkpt lat="67.64024366" lon="17.37328151"/>
      <trkpt lat="67.64471456" lon="17.37268992"/>
      <trkpt lat="67.64931816" lon="17.37228356"/>
      <trkpt lat="67.65187246" lon="17.37197150"/>
      <trkpt lat="67.65572604" lon="17.37356977"/>
      <trkpt lat="67.65777181" lon="17.37612004"/>
      <trkpt lat="67.65930276" lon="17.37889848"/>
      <trkpt lat="67.66299080" lon="17.38497494"/>
      <trkpt lat="67.67029613" lon="17.39384023"/>
      <trkpt lat="67.67409137" lon="17.39997896"/>
      <trkpt lat="67.67610286" lon="17.40381888"/>
      <trkpt lat="67.67852054" lon="17.40676613"/>
      <trkpt lat="67.68171438" lon="17.40984178"/>
      <trkpt lat="67.68471912" lon="17.41346553"/>
      <trkpt lat="67.68620498" lon="17.41629459"/>
      <trkpt lat="67.69110295" lon="17.41780174"/>
      <trkpt lat="67.69699300" lon="17.41969286"/>
      <trkpt lat="67.70039060" lon="17.42031497"/>
      <trkpt lat="67.70281540" lon="17.42218656"/>
      <trkpt lat="67.70547791" lon="17.42442965"/>
      <trkpt lat="67.70798301" lon="17.42673567"/>
      <trkpt lat="67.71122555" lon="17.43085002"/>
      <trkpt lat="67.71336671" lon="17.43308262"/>
      <trkpt lat="67.71522766" lon="17.43652515"/>
      <trkpt lat="67.71646164" lon="17.44020648"/>
      <trkpt lat="67.71789051" lon="17.44547132"/>
      <trkpt lat="67.71892861" lon="17.45259091"/>
      <trkpt lat="67.72037348" lon="17.46039941"/>
      <trkpt lat="67.72168583" lon="17.46812375"/>
      <trkpt lat="67.72233275" lon="17.46916009"/>
      <trkpt lat="67.72252260" lon="17.46781823"/>
      <trkpt lat="67.72280104" lon="17.46337951"/>
      <trkpt lat="67.72389723" lon="17.45963850"/>
      <trkpt lat="67.72513708" lon="17.46152032"/>
      <trkpt lat="67.72484874" lon="17.46623917"/>
      <trkpt lat="67.72527195" lon="17.47095709"/>
      <trkpt lat="67.72610527" lon="17.47529665"/>
      <trkpt lat="67.72789942" lon="17.47523320"/>
      <trkpt lat="67.72968661" lon="17.47365103"/>
      <trkpt lat="67.73140054" lon="17.47500873"/>
      <trkpt lat="67.73309352" lon="17.47674052"/>
      <trkpt lat="67.73470335" lon="17.47825203"/>
      <trkpt lat="67.73647629" lon="17.47764995"/>
      <trkpt lat="67.73822349" lon="17.47744904"/>
      <trkpt lat="67.73938271" lon="17.48075855"/>
      <trkpt lat="67.74093127" lon="17.48349541"/>
      <trkpt lat="67.74249391" lon="17.48595064"/>
      <trkpt lat="67.74408387" lon="17.48846931"/>
      <trkpt lat="67.74550494" lon="17.49072790"/>
      <trkpt lat="67.74719330" lon="17.49347867"/>
      <trkpt lat="67.74854422" lon="17.49665022"/>
      <trkpt lat="67.74878025" lon="17.50227213"/>
      <trkpt lat="67.74869442" lon="17.50703573"/>
      <trkpt lat="67.74920940" lon="17.50999689"/>
      <trkpt lat="67.75036812" lon="17.51381636"/>
      <trkpt lat="67.75238514" lon="17.51928806"/>
      <trkpt lat="67.75388718" lon="17.52456665"/>
      <trkpt lat="67.75487423" lon="17.53003836"/>
      <trkpt lat="67.75601149" lon="17.53441572"/>
      <trkpt lat="67.75918722" lon="17.54265547"/>
      <trkpt lat="67.76195526" lon="17.54982233"/>
      <trkpt lat="67.76369333" lon="17.55587339"/>
      <trkpt lat="67.76605368" lon="17.56349087"/>
      <trkpt lat="67.76787758" lon="17.57091522"/>
      <trkpt lat="67.76886463" lon="17.57520676"/>
      <trkpt lat="67.77068853" lon="17.58020639"/>
      <trkpt lat="67.77068853" lon="17.58020639"/>
      <trkpt lat="67.77362823" lon="17.58599997"/>
      <trkpt lat="67.77564526" lon="17.58986235"/>
      <trkpt lat="67.77736187" lon="17.59190083"/>
      <trkpt lat="67.77929306" lon="17.59312391"/>
      <trkpt lat="67.78115988" lon="17.59490490"/>
      <trkpt lat="67.78180361" lon="17.59636402"/>
      <trkpt lat="67.78345585" lon="17.60166407"/>
      <trkpt lat="67.78500080" lon="17.60411024"/>
      <trkpt lat="67.78701782" lon="17.60670662"/>
      <trkpt lat="67.78862715" lon="17.60872364"/>
      <trkpt lat="67.79006481" lon="17.61250019"/>
      <trkpt lat="67.79287577" lon="17.61612654"/>
      <trkpt lat="67.79572964" lon="17.61977434"/>
      <trkpt lat="67.79956578" lon="17.62471665"/>
      <trkpt lat="67.79727459" lon="17.62170553"/>
      <trkpt lat="67.80027866" lon="17.62565374"/>
      <trkpt lat="67.80321836" lon="17.62874365"/>
      <trkpt lat="67.81300306" lon="17.63616800"/>
      <trkpt lat="67.81614058" lon="17.63858048"/>
      <trkpt lat="67.81800270" lon="17.63925791"/>
      <trkpt lat="67.81864031" lon="17.64246424"/>
      <trkpt lat="67.82047033" lon="17.64445066"/>
      <trkpt lat="67.82285213" lon="17.64251947"/>
      <trkpt lat="67.82589912" lon="17.64290571"/>
      <trkpt lat="67.82877445" lon="17.64333487"/>
      <trkpt lat="67.83072710" lon="17.64505148"/>
      <trkpt lat="67.83270121" lon="17.64786243"/>
      <trkpt lat="67.83493280" lon="17.64676809"/>
      <trkpt lat="67.83791542" lon="17.64410734"/>
      <trkpt lat="67.84134865" lon="17.64202595"/>
      <trkpt lat="67.84366608" lon="17.63818502"/>
      <trkpt lat="67.84576893" lon="17.63659716"/>
      <trkpt lat="67.84757137" lon="17.63739109"/>
      <trkpt lat="67.84922361" lon="17.63633966"/>
      <trkpt lat="67.85115480" lon="17.62775660"/>
      <trkpt lat="67.84922361" lon="17.63633966"/>
      <trkpt lat="67.85115480" lon="17.62775660"/>
      <trkpt lat="67.85381556" lon="17.62282133"/>
      <trkpt lat="67.85548925" lon="17.61629820"/>
      <trkpt lat="67.85823584" lon="17.61466742"/>
      <trkpt lat="67.85920143" lon="17.61831522"/>
      <trkpt lat="67.85821438" lon="17.62245655"/>
      <trkpt lat="67.85834053" lon="17.62714581"/>
      <trkpt lat="67.85959639" lon="17.63077484"/>
      <trkpt lat="67.86063926" lon="17.63504030"/>
      <trkpt lat="67.86179253" lon="17.63886061"/>
      <trkpt lat="67.86351333" lon="17.64021621"/>
      <trkpt lat="67.86533187" lon="17.64129630"/>
      <trkpt lat="67.86710724" lon="17.64233273"/>
      <trkpt lat="67.86893584" lon="17.64367626"/>
      <trkpt lat="67.87074180" lon="17.64484520"/>
      <trkpt lat="67.87250913" lon="17.64593636"/>
      <trkpt lat="67.87433554" lon="17.64687262"/>
      <trkpt lat="67.87612273" lon="17.64746488"/>
      <trkpt lat="67.87791076" lon="17.64808279"/>
      <trkpt lat="67.87948195" lon="17.65036460"/>
      <trkpt lat="67.88104199" lon="17.65287079"/>
      <trkpt lat="67.88220640" lon="17.65641097"/>
      <trkpt lat="67.88275559" lon="17.66104633"/>
      <trkpt lat="67.88331709" lon="17.66581035"/>
      <trkpt lat="67.88385537" lon="17.67041738"/>
      <trkpt lat="67.88442224" lon="17.67516967"/>
      <trkpt lat="67.88475065" lon="17.68007912"/>
      <trkpt lat="67.88500386" lon="17.68466243"/>
      <trkpt lat="67.88525138" lon="17.68970657"/>
      <trkpt lat="67.88532120" lon="17.69462859"/>
      <trkpt lat="67.88494444" lon="17.69950309"/>
      <trkpt lat="67.88442786" lon="17.70494982"/>
      <trkpt lat="67.88403089" lon="17.70976346"/>
      <trkpt lat="67.88359218" lon="17.71455925"/>
      <trkpt lat="67.88315758" lon="17.71937247"/>
      <trkpt lat="67.88273874" lon="17.72413583"/>
      <trkpt lat="67.88234093" lon="17.72869173"/>
      <trkpt lat="67.88189703" lon="17.73371307"/>
      <trkpt lat="67.88163015" lon="17.73847609"/>
      <trkpt lat="67.88153862" lon="17.74342066"/>
      <trkpt lat="67.88144273" lon="17.74835022"/>
      <trkpt lat="67.88134743" lon="17.75318365"/>
      <trkpt lat="67.88141037" lon="17.75807918"/>
      <trkpt lat="67.88183684" lon="17.76277590"/>
      <trkpt lat="67.88223574" lon="17.76757965"/>
      <trkpt lat="67.88263782" lon="17.77225851"/>
      <trkpt lat="67.88307116" lon="17.77695715"/>
      <trkpt lat="67.88346134" lon="17.78162026"/>
      <trkpt lat="67.88378790" lon="17.78632896"/>
      <trkpt lat="67.88419803" lon="17.79120035"/>
      <trkpt lat="67.88460354" lon="17.79586907"/>
      <trkpt lat="67.88495801" lon="17.80008584"/>
      <trkpt lat="67.88537560" lon="17.80504139"/>
      <trkpt lat="67.88577089" lon="17.80983525"/>
      <trkpt lat="67.88618110" lon="17.81471545"/>
      <trkpt lat="67.88696598" lon="17.81904269"/>
      <trkpt lat="67.88776159" lon="17.82330019"/>
      <trkpt lat="67.88860012" lon="17.82779365"/>
      <trkpt lat="67.88944543" lon="17.83243437"/>
      <trkpt lat="67.89031841" lon="17.83699254"/>
      <trkpt lat="67.89115123" lon="17.84144584"/>
      <trkpt lat="67.89192162" lon="17.84605966"/>
      <trkpt lat="67.89258814" lon="17.85050894"/>
      <trkpt lat="67.89325425" lon="17.85535636"/>
      <trkpt lat="67.89401927" lon="17.86028258"/>
      <trkpt lat="67.89477792" lon="17.86508088"/>
      <trkpt lat="67.89549868" lon="17.86960476"/>
      <trkpt lat="67.89613956" lon="17.87354920"/>
      <trkpt lat="67.89678463" lon="17.87756036"/>
      <trkpt lat="67.89750455" lon="17.88194703"/>
      <trkpt lat="67.89825356" lon="17.88648139"/>
      <trkpt lat="67.89896141" lon="17.89091240"/>
      <trkpt lat="67.89967429" lon="17.89532689"/>
      <trkpt lat="67.90041558" lon="17.89971851"/>
      <trkpt lat="67.90117071" lon="17.90423585"/>
      <trkpt lat="67.90192961" lon="17.90873299"/>
      <trkpt lat="67.90267199" lon="17.91333156"/>
      <trkpt lat="67.90345486" lon="17.91787346"/>
      <trkpt lat="67.90420312" lon="17.92204262"/>
      <trkpt lat="67.90493594" lon="17.92663129"/>
      <trkpt lat="67.90569719" lon="17.93104428"/>
      <trkpt lat="67.90638509" lon="17.93555299"/>
      <trkpt lat="67.90763274" lon="17.93926978"/>
      <trkpt lat="67.90876103" lon="17.94212423"/>
      <trkpt lat="67.91057437" lon="17.94463109"/>
      <trkpt lat="67.91224999" lon="17.94757280"/>
      <trkpt lat="67.91384272" lon="17.94982871"/>
      <trkpt lat="67.91545775" lon="17.95212418"/>
      <trkpt lat="67.91704897" lon="17.95434840"/>
      <trkpt lat="67.91882769" lon="17.95553016"/>
      <trkpt lat="67.92074044" lon="17.95593468"/>
      <trkpt lat="67.92264347" lon="17.95628319"/>
      <trkpt lat="67.92408507" lon="17.95821631"/>
      <trkpt lat="67.92582373" lon="17.96019687"/>
      <trkpt lat="67.92756842" lon="17.96224675"/>
      <trkpt lat="67.92929292" lon="17.96409982"/>
      <trkpt lat="67.93100618" lon="17.96597075"/>
      <trkpt lat="67.93275431" lon="17.96785424"/>
      <trkpt lat="67.93446355" lon="17.96875446"/>
      <trkpt lat="67.93787766" lon="17.97827320"/>
      <trkpt lat="67.93786618" lon="17.98480924"/>
      <trkpt lat="67.93732974" lon="17.99227651"/>
      <trkpt lat="67.93772997" lon="17.99833395"/>
      <trkpt lat="67.93941750" lon="18.00138186"/>
      <trkpt lat="67.94191757" lon="18.00498096"/>
      <trkpt lat="67.94409636" lon="18.01056859"/>
      <trkpt lat="67.94499373" lon="18.01620022"/>
      <trkpt lat="67.94607542" lon="18.02468657"/>
      <trkpt lat="67.94648982" lon="18.03032432"/>
      <trkpt lat="67.94702458" lon="18.03671292"/>
      <trkpt lat="67.94706037" lon="18.04341794"/>
      <trkpt lat="67.94555431" lon="18.04717119"/>
      <trkpt lat="67.94336605" lon="18.05193546"/>
      <trkpt lat="67.94157852" lon="18.05778335"/>
      <trkpt lat="67.94050514" lon="18.06199911"/>
      <trkpt lat="67.93927249" lon="18.06624941"/>
      <trkpt lat="67.93790708" lon="18.07195304"/>
      <trkpt lat="67.93523099" lon="18.07811298"/>
      <trkpt lat="67.93302781" lon="18.08307717"/>
      <trkpt lat="67.93105219" lon="18.08612298"/>
      <trkpt lat="67.92937732" lon="18.08818602"/>
      <trkpt lat="67.92732485" lon="18.09146460"/>
      <trkpt lat="67.92438959" lon="18.09762019"/>
      <trkpt lat="67.92100506" lon="18.10100514"/>
      <trkpt lat="67.91900463" lon="18.10509249"/>
      <trkpt lat="67.91736924" lon="18.11206296"/>
      <trkpt lat="67.91633634" lon="18.11712471"/>
      <trkpt lat="67.90793692" lon="18.15362530"/>
      <trkpt lat="67.90591512" lon="18.17770215"/>
      <trkpt lat="67.90571286" lon="18.18608598"/>
      <trkpt lat="67.90571286" lon="18.19127161"/>
      <trkpt lat="67.90656136" lon="18.20015819"/>
      <trkpt lat="67.90677669" lon="18.20750962"/>
      <trkpt lat="67.90559401" lon="18.21674120"/>
      <trkpt lat="67.90542411" lon="18.22539425"/>
      <trkpt lat="67.90512286" lon="18.23271467"/>
      <trkpt lat="67.90562049" lon="18.23766603"/>
      <trkpt lat="67.90654158" lon="18.24547168"/>
      <trkpt lat="67.90828183" lon="18.25436991"/>
      <trkpt lat="67.90855500" lon="18.25914734"/>
      <trkpt lat="67.90879933" lon="18.26532581"/>
      <trkpt lat="67.91108273" lon="18.28814026"/>
      <trkpt lat="67.92291714" lon="18.29228855"/>
      <trkpt lat="67.94586662" lon="18.28233646"/>
      <trkpt lat="67.94617625" lon="18.28219489"/>
      <trkpt lat="67.94627826" lon="18.28250938"/>
      <trkpt lat="67.94810409" lon="18.28170665"/>
      <trkpt lat="67.94992070" lon="18.28126576"/>
      <trkpt lat="67.95172222" lon="18.28048280"/>
      <trkpt lat="67.95356800" lon="18.27972357"/>
      <trkpt lat="67.95540255" lon="18.27862680"/>
      <trkpt lat="67.95716442" lon="18.27742366"/>
      <trkpt lat="67.95908572" lon="18.27616537"/>
      <trkpt lat="67.96089420" lon="18.27489300"/>
      <trkpt lat="67.96278943" lon="18.27365851"/>
      <trkpt lat="67.96466363" lon="18.27240131"/>
      <trkpt lat="67.96652500" lon="18.27126472"/>
      <trkpt lat="67.96827765" lon="18.27011900"/>
      <trkpt lat="67.97008253" lon="18.26862241"/>
      <trkpt lat="67.97183527" lon="18.26722062"/>
      <trkpt lat="67.97355917" lon="18.26574356"/>
      <trkpt lat="67.97539850" lon="18.26492038"/>
      <trkpt lat="67.97721460" lon="18.26386426"/>
      <trkpt lat="67.97897866" lon="18.26246196"/>
      <trkpt lat="67.98076283" lon="18.26130082"/>
      <trkpt lat="67.98266008" lon="18.26115036"/>
      <trkpt lat="67.98455967" lon="18.26116294"/>
      <trkpt lat="67.98643059" lon="18.26103075"/>
      <trkpt lat="67.98835164" lon="18.26104676"/>
      <trkpt lat="67.99042960" lon="18.25967146"/>
      <trkpt lat="67.99236917" lon="18.25733677"/>
      <trkpt lat="67.99401068" lon="18.25524020"/>
      <trkpt lat="67.99587599" lon="18.25297264"/>
      <trkpt lat="67.99761808" lon="18.25168979"/>
      <trkpt lat="67.99930092" lon="18.24979565"/>
      <trkpt lat="68.00126245" lon="18.24867449"/>
      <trkpt lat="68.00298032" lon="18.24708243"/>
      <trkpt lat="68.00476911" lon="18.24560520"/>
      <trkpt lat="68.00649628" lon="18.24426200"/>
      <trkpt lat="68.00778064" lon="18.24323807"/>
      <trkpt lat="68.00944042" lon="18.24162631"/>
      <trkpt lat="68.01100558" lon="18.24075820"/>
      <trkpt lat="68.01268548" lon="18.24025042"/>
      <trkpt lat="68.01440435" lon="18.24012335"/>
      <trkpt lat="68.01517624" lon="18.24150922"/>
      <trkpt lat="68.01626069" lon="18.24304428"/>
      <trkpt lat="68.01827495" lon="18.24468822"/>
      <trkpt lat="68.01977204" lon="18.24733355"/>
      <trkpt lat="68.01854946" lon="18.24417558"/>
      <trkpt lat="68.02004328" lon="18.24721394"/>
      <trkpt lat="68.02132077" lon="18.25107238"/>
      <trkpt lat="68.02328213" lon="18.25040015"/>
      <trkpt lat="68.02526328" lon="18.24926524"/>
      <trkpt lat="68.02704158" lon="18.24864800"/>
      <trkpt lat="68.02920043" lon="18.24826134"/>
      <trkpt lat="68.03124100" lon="18.24774996"/>
      <trkpt lat="68.03329968" lon="18.24742944"/>
      <trkpt lat="68.03519508" lon="18.24714437"/>
      <trkpt lat="68.03737454" lon="18.24683843"/>
      <trkpt lat="68.03937580" lon="18.24602790"/>
      <trkpt lat="68.04142962" lon="18.24538350"/>
      <trkpt lat="68.04326987" lon="18.24535400"/>
      <trkpt lat="68.04530684" lon="18.24522056"/>
      <trkpt lat="68.04722026" lon="18.24223065"/>
      <trkpt lat="68.04885792" lon="18.23971834"/>
      <trkpt lat="68.05062474" lon="18.24059450"/>
      <trkpt lat="68.05241109" lon="18.24230215"/>
      <trkpt lat="68.05376242" lon="18.24572749"/>
      <trkpt lat="68.05527644" lon="18.24932920"/>
      <trkpt lat="68.05715223" lon="18.25095202"/>
      <trkpt lat="68.05909557" lon="18.25224325"/>
      <trkpt lat="68.06089927" lon="18.25254056"/>
      <trkpt lat="68.06235638" lon="18.25538462"/>
      <trkpt lat="68.06417333" lon="18.25707911"/>
      <trkpt lat="68.06586765" lon="18.26039960"/>
      <trkpt lat="68.06739810" lon="18.26288936"/>
      <trkpt lat="68.06952241" lon="18.26523931"/>
      <trkpt lat="68.07150372" lon="18.26789352"/>
      <trkpt lat="68.07321891" lon="18.27032117"/>
      <trkpt lat="68.07525563" lon="18.27231120"/>
      <trkpt lat="68.07702849" lon="18.27430333"/>
      <trkpt lat="68.07885189" lon="18.27621759"/>
      <trkpt lat="68.08057873" lon="18.27809128"/>
      <trkpt lat="68.08250606" lon="18.28016429"/>
      <trkpt lat="68.08421496" lon="18.28184227"/>
      <trkpt lat="68.08602286" lon="18.28335847"/>
      <trkpt lat="68.08787283" lon="18.28507307"/>
      <trkpt lat="68.08982036" lon="18.28784103"/>
      <trkpt lat="68.09144787" lon="18.29080696"/>
      <trkpt lat="68.09294153" lon="18.29424371"/>
      <trkpt lat="68.09426922" lon="18.29779588"/>
      <trkpt lat="68.09560111" lon="18.30126900"/>
      <trkpt lat="68.09719878" lon="18.30522409"/>
      <trkpt lat="68.09860770" lon="18.30874667"/>
      <trkpt lat="68.10008140" lon="18.31253126"/>
      <trkpt lat="68.10175862" lon="18.31675809"/>
      <trkpt lat="68.10317977" lon="18.32053288"/>
      <trkpt lat="68.10448182" lon="18.32424816"/>
      <trkpt lat="68.10574304" lon="18.32842704"/>
      <trkpt lat="68.10690134" lon="18.33280524"/>
      <trkpt lat="68.10786601" lon="18.33749249"/>
      <trkpt lat="68.10862734" lon="18.34260855"/>
      <trkpt lat="68.10940451" lon="18.34728825"/>
      <trkpt lat="68.11023767" lon="18.35222561"/>
      <trkpt lat="68.11113596" lon="18.35640198"/>
      <trkpt lat="68.11235880" lon="18.36022974"/>
      <trkpt lat="68.11355850" lon="18.36385885"/>
      <trkpt lat="68.11488586" lon="18.36762568"/>
      <trkpt lat="68.11620081" lon="18.37156970"/>
      <trkpt lat="68.11767443" lon="18.37567935"/>
      <trkpt lat="68.11872485" lon="18.38048620"/>
      <trkpt lat="68.12005699" lon="18.38483104"/>
      <trkpt lat="68.12121101" lon="18.38852361"/>
      <trkpt lat="68.12259234" lon="18.39280081"/>
      <trkpt lat="68.12403604" lon="18.39616631"/>
      <trkpt lat="68.12587252" lon="18.39958998"/>
      <trkpt lat="68.12739559" lon="18.40300284"/>
      <trkpt lat="68.12914792" lon="18.40728809"/>
      <trkpt lat="68.13082530" lon="18.41080053"/>
      <trkpt lat="68.13252440" lon="18.41247590"/>
      <trkpt lat="68.13456388" lon="18.41323975"/>
      <trkpt lat="68.13604362" lon="18.41469275"/>
      <trkpt lat="68.13712950" lon="18.41842068"/>
      <trkpt lat="68.13819182" lon="18.42237937"/>
      <trkpt lat="68.13923797" lon="18.42703418"/>
      <trkpt lat="68.14045016" lon="18.43114651"/>
      <trkpt lat="68.14238512" lon="18.43338825"/>
      <trkpt lat="68.14430181" lon="18.43240656"/>
      <trkpt lat="68.15268120" lon="18.44026342"/>
      <trkpt lat="68.15520155" lon="18.44120764"/>
      <trkpt lat="68.15995862" lon="18.44465260"/>
      <trkpt lat="68.16773803" lon="18.45483997"/>
      <trkpt lat="68.17436183" lon="18.46193919"/>
      <trkpt lat="68.17734981" lon="18.46417221"/>
      <trkpt lat="68.18013093" lon="18.46577022"/>
      <trkpt lat="68.18253754" lon="18.46989806"/>
      <trkpt lat="68.18383271" lon="18.47300129"/>
      <trkpt lat="68.18500609" lon="18.47743372"/>
      <trkpt lat="68.18616950" lon="18.48164798"/>
      <trkpt lat="68.18716041" lon="18.48562201"/>
      <trkpt lat="68.18879681" lon="18.48787255"/>
      <trkpt lat="68.19019860" lon="18.49160937"/>
      <trkpt lat="68.19138690" lon="18.49540503"/>
      <trkpt lat="68.19258752" lon="18.49943790"/>
      <trkpt lat="68.19379611" lon="18.50348426"/>
      <trkpt lat="68.19654093" lon="18.51231627"/>
      <trkpt lat="68.19778891" lon="18.51615233"/>
      <trkpt lat="68.19896456" lon="18.52031512"/>
      <trkpt lat="68.20021698" lon="18.52427884"/>
      <trkpt lat="68.23604593" lon="18.60206173"/>
      <trkpt lat="68.23812489" lon="18.60233464"/>
      <trkpt lat="68.24012817" lon="18.60346486"/>
      <trkpt lat="68.24245398" lon="18.60393768"/>
      <trkpt lat="68.24435768" lon="18.60321290"/>
      <trkpt lat="68.24547842" lon="18.60237152"/>
      <trkpt lat="68.24809701" lon="18.60089044"/>
      <trkpt lat="68.25004589" lon="18.60005409"/>
      <trkpt lat="68.25207355" lon="18.59794194"/>
      <trkpt lat="68.25295650" lon="18.59583322"/>
      <trkpt lat="68.25398874" lon="18.59391242"/>
      <trkpt lat="68.25576360" lon="18.59079653"/>
      <trkpt lat="68.25719758" lon="18.58782305"/>
      <trkpt lat="68.25852619" lon="18.58649712"/>
      <trkpt lat="68.26004340" lon="18.58420492"/>
      <trkpt lat="68.26062134" lon="18.58177140"/>
      <trkpt lat="68.25998708" lon="18.57695005"/>
      <trkpt lat="68.26111277" lon="18.57271400"/>
      <trkpt lat="68.26278018" lon="18.57045885"/>
      <trkpt lat="68.26441163" lon="18.56820110"/>
      <trkpt lat="68.26623268" lon="18.56936853"/>
      <trkpt lat="68.26816957" lon="18.57071911"/>
      <trkpt lat="68.27028735" lon="18.57006809"/>
      <trkpt lat="68.27243362" lon="18.57058542"/>
      <trkpt lat="68.27450034" lon="18.57171035"/>
      <trkpt lat="68.27633430" lon="18.57155177"/>
      <trkpt lat="68.27877201" lon="18.57181052"/>
      <trkpt lat="68.28026525" lon="18.57488458"/>
      <trkpt lat="68.28121433" lon="18.57886632"/>
      <trkpt lat="68.28246650" lon="18.58326824"/>
      <trkpt lat="68.28422469" lon="18.58641615"/>
      <trkpt lat="68.28583041" lon="18.58996094"/>
      <trkpt lat="68.28619435" lon="18.59086644"/>
      <trkpt lat="68.28622101" lon="18.59321564"/>
      <trkpt lat="68.28678964" lon="18.59775972"/>
      <trkpt lat="68.28775414" lon="18.60316269"/>
      <trkpt lat="68.28898922" lon="18.60793870"/>
      <trkpt lat="68.29028958" lon="18.61209964"/>
      <trkpt lat="68.29177327" lon="18.61617090"/>
      <trkpt lat="68.29318335" lon="18.62020419"/>
      <trkpt lat="68.29450945" lon="18.62431870"/>
      <trkpt lat="68.29585575" lon="18.62881609"/>
      <trkpt lat="68.29733441" lon="18.63376058"/>
      <trkpt lat="68.29887559" lon="18.63874982"/>
      <trkpt lat="68.30032473" lon="18.64349507"/>
      <trkpt lat="68.30193532" lon="18.64828927"/>
      <trkpt lat="68.30345512" lon="18.65289110"/>
      <trkpt lat="68.30461233" lon="18.65675348"/>
      <trkpt lat="68.30567859" lon="18.66110788"/>
      <trkpt lat="68.30676505" lon="18.66520713"/>
      <trkpt lat="68.30785361" lon="18.66959204"/>
      <trkpt lat="68.30888735" lon="18.67365349"/>
      <trkpt lat="68.30942321" lon="18.67831266"/>
      <trkpt lat="68.31087696" lon="18.68206942"/>
      <trkpt lat="68.31183610" lon="18.68682724"/>
      <trkpt lat="68.31177198" lon="18.69247883"/>
      <trkpt lat="68.31281126" lon="18.69784534"/>
      <trkpt lat="68.31276901" lon="18.70289552"/>
      <trkpt lat="68.31295869" lon="18.70785031"/>
      <trkpt lat="68.31305073" lon="18.71299144"/>
      <trkpt lat="68.31348709" lon="18.71775102"/>
      <trkpt lat="68.31453692" lon="18.72173871"/>
      <trkpt lat="68.31494797" lon="18.72665168"/>
      <trkpt lat="68.31546262" lon="18.73087188"/>
      <trkpt lat="68.31588255" lon="18.73530633"/>
      <trkpt lat="68.31669861" lon="18.73857334"/>
      <trkpt lat="68.31826343" lon="18.74068508"/>
      <trkpt lat="68.31950580" lon="18.74381530"/>
      <trkpt lat="68.32076157" lon="18.74529412"/>
      <trkpt lat="68.32180806" lon="18.74888853"/>
      <trkpt lat="68.32340950" lon="18.75467665"/>
      <trkpt lat="68.32852984" lon="18.75821047"/>
      <trkpt lat="68.33403365" lon="18.76380203"/>
      <trkpt lat="68.33790441" lon="18.76670167"/>
      <trkpt lat="68.33999083" lon="18.76794445"/>
      <trkpt lat="68.34226686" lon="18.76958010"/>
      <trkpt lat="68.34465729" lon="18.77062113"/>
      <trkpt lat="68.34797912" lon="18.77065977"/>
      <trkpt lat="68.35080332" lon="18.77065977"/>
      <trkpt lat="68.35263217" lon="18.77108348"/>
      <trkpt lat="68.35446009" lon="18.77214680"/>
      <trkpt lat="68.35687274" lon="18.77503236"/>
      <trkpt lat="68.35845348" lon="18.77930746"/>
      <trkpt lat="68.36040781" lon="18.78343211"/>
      <trkpt lat="68.36137416" lon="18.77910948"/>
      <trkpt lat="68.36711761" lon="18.78071101"/>
      <trkpt lat="68.39079003" lon="18.76202960"/>
      <trkpt lat="68.45354852" lon="18.68565143"/>
      <trkpt lat="68.48746405" lon="18.62600187"/>
      <trkpt lat="68.49327053" lon="18.62431811"/>
      <trkpt lat="68.49560983" lon="18.62885758"/>
      <trkpt lat="68.49638768" lon="18.63296069"/>
      <trkpt lat="68.49813840" lon="18.63320762"/>
      <trkpt lat="68.49986969" lon="18.63187582"/>
      <trkpt lat="68.50095556" lon="18.63066531"/>
      <trkpt lat="68.50264141" lon="18.62895942"/>
      <trkpt lat="68.50419969" lon="18.62940844"/>
      <trkpt lat="68.50577432" lon="18.63185713"/>
      <trkpt lat="68.50736487" lon="18.63399150"/>
      <trkpt lat="68.50891879" lon="18.63354885"/>
      <trkpt lat="68.50896070" lon="18.63113134"/>
      <trkpt lat="68.51058721" lon="18.63145958"/>
      <trkpt lat="68.51216921" lon="18.63254545"/>
      <trkpt lat="68.51367200" lon="18.63276875"/>
      <trkpt lat="68.51390585" lon="18.63171657"/>
      <trkpt lat="68.51434347" lon="18.63270672"/>
      <trkpt lat="68.51572054" lon="18.63554408"/>
      <trkpt lat="68.51736850" lon="18.63628814"/>
      <trkpt lat="68.51883374" lon="18.63786754"/>
      <trkpt lat="68.51948133" lon="18.64098896"/>
      <trkpt lat="68.52109660" lon="18.64028379"/>
      <trkpt lat="68.52266436" lon="18.63800123"/>
      <trkpt lat="68.52367731" lon="18.64021825"/>
      <trkpt lat="68.52466771" lon="18.64424651"/>
      <trkpt lat="68.52591611" lon="18.64765241"/>
      <trkpt lat="68.52632733" lon="18.65122955"/>
      <trkpt lat="68.52575686" lon="18.65590489"/>
      <trkpt lat="68.52524707" lon="18.66018377"/>
      <trkpt lat="68.52585560" lon="18.66487429"/>
      <trkpt lat="68.52591251" lon="18.66960537"/>
      <trkpt lat="68.52635734" lon="18.67433368"/>
      <trkpt lat="68.52609733" lon="18.67930465"/>
      <trkpt lat="68.52575149" lon="18.68429700"/>
      <trkpt lat="68.52552334" lon="18.68907267"/>
      <trkpt lat="68.52594855" lon="18.69382119"/>
      <trkpt lat="68.52634141" lon="18.69857482"/>
      <trkpt lat="68.52695832" lon="18.70324161"/>
      <trkpt lat="68.52699034" lon="18.70785174"/>
      <trkpt lat="68.52738001" lon="18.71282028"/>
      <trkpt lat="68.52722000" lon="18.71781179"/>
      <trkpt lat="68.52826179" lon="18.72177307"/>
      <trkpt lat="68.52926862" lon="18.72598976"/>
      <trkpt lat="68.53019089" lon="18.73006663"/>
      <trkpt lat="68.53049641" lon="18.73566432"/>
      <trkpt lat="68.53003666" lon="18.74030270"/>
      <trkpt lat="68.52922940" lon="18.74477771"/>
      <trkpt lat="68.52966635" lon="18.74913303"/>
      <trkpt lat="68.53062205" lon="18.75322441"/>
      <trkpt lat="68.53201596" lon="18.75649477"/>
      <trkpt lat="68.53364800" lon="18.75921235"/>
      <trkpt lat="68.53518709" lon="18.76178602"/>
      <trkpt lat="68.53676196" lon="18.76283040"/>
      <trkpt lat="68.53863247" lon="18.76284742"/>
      <trkpt lat="68.54016610" lon="18.76245858"/>
      <trkpt lat="68.54176621" lon="18.76435717"/>
      <trkpt lat="68.54313506" lon="18.76625902"/>
      <trkpt lat="68.54418933" lon="18.77024889"/>
      <trkpt lat="68.54505577" lon="18.77416424"/>
      <trkpt lat="68.54656552" lon="18.77671964"/>
      <trkpt lat="68.54798106" lon="18.77846265"/>
      <trkpt lat="68.54967261" lon="18.78037817"/>
      <trkpt lat="68.55142266" lon="18.78106548"/>
      <trkpt lat="68.55308253" lon="18.78276181"/>
      <trkpt lat="68.55479479" lon="18.78456526"/>
      <trkpt lat="68.55634745" lon="18.78691354"/>
      <trkpt lat="68.55743894" lon="18.79021224"/>
      <trkpt lat="68.55828996" lon="18.79460628"/>
      <trkpt lat="68.55900904" lon="18.79884987"/>
      <trkpt lat="68.55947566" lon="18.80347316"/>
      <trkpt lat="68.56054704" lon="18.80750343"/>
      <trkpt lat="68.56165596" lon="18.81135601"/>
      <trkpt lat="68.56309757" lon="18.81436368"/>
      <trkpt lat="68.56449156" lon="18.81763539"/>
      <trkpt lat="68.56581758" lon="18.82104758"/>
      <trkpt lat="68.56716463" lon="18.82438777"/>
      <trkpt lat="68.56834305" lon="18.82727031"/>
      <trkpt lat="68.56953721" lon="18.82894183"/>
      <trkpt lat="68.57152691" lon="18.82902598"/>
      <trkpt lat="68.57324202" lon="18.82996811"/>
      <trkpt lat="68.57524169" lon="18.83016374"/>
      <trkpt lat="68.57612288" lon="18.83409854"/>
      <trkpt lat="68.57756775" lon="18.83705324"/>
      <trkpt lat="68.57886988" lon="18.84022722"/>
      <trkpt lat="68.58005030" lon="18.84492201"/>
      <trkpt lat="68.58125453" lon="18.84856721"/>
      <trkpt lat="68.58241626" lon="18.85232851"/>
      <trkpt lat="68.58373716" lon="18.85592728"/>
      <trkpt lat="68.58519545" lon="18.85914325"/>
      <trkpt lat="68.58670210" lon="18.86170970"/>
      <trkpt lat="68.58809374" lon="18.86509700"/>
      <trkpt lat="68.58943124" lon="18.86860365"/>
      <trkpt lat="68.59094929" lon="18.87161518"/>
      <trkpt lat="68.59269113" lon="18.87335150"/>
      <trkpt lat="68.59419267" lon="18.87619313"/>
      <trkpt lat="68.59598874" lon="18.87821107"/>
      <trkpt lat="68.59754534" lon="18.88086260"/>
      <trkpt lat="68.59932918" lon="18.88189986"/>
      <trkpt lat="68.60115191" lon="18.88195015"/>
      <trkpt lat="68.60295083" lon="18.88265491"/>
      <trkpt lat="68.60477943" lon="18.88405552"/>
      <trkpt lat="68.60664650" lon="18.88489212"/>
      <trkpt lat="68.60839689" lon="18.88607346"/>
      <trkpt lat="68.61034937" lon="18.88659147"/>
      <trkpt lat="68.61208920" lon="18.88615594"/>
      <trkpt lat="68.61398653" lon="18.88632006"/>
      <trkpt lat="68.61580834" lon="18.88602653"/>
      <trkpt lat="68.61762009" lon="18.88603097"/>
      <trkpt lat="68.61907896" lon="18.88601496"/>
      <trkpt lat="68.62087017" lon="18.88674251"/>
      <trkpt lat="68.62283137" lon="18.88693672"/>
      <trkpt lat="68.62448017" lon="18.88446104"/>
      <trkpt lat="68.62591733" lon="18.88137658"/>
      <trkpt lat="68.62669869" lon="18.87988628"/>
      <trkpt lat="68.62844456" lon="18.87851559"/>
      <trkpt lat="68.63026595" lon="18.87720725"/>
      <trkpt lat="68.63188801" lon="18.87469009"/>
      <trkpt lat="68.63365659" lon="18.87319601"/>
      <trkpt lat="68.63552182" lon="18.87168325"/>
      <trkpt lat="68.63722729" lon="18.87022085"/>
      <trkpt lat="68.63890685" lon="18.86892510"/>
      <trkpt lat="68.64051182" lon="18.86650415"/>
      <trkpt lat="68.64231829" lon="18.86499474"/>
      <trkpt lat="68.64420664" lon="18.86444891"/>
      <trkpt lat="68.64596140" lon="18.86588473"/>
      <trkpt lat="68.64732270" lon="18.86934788"/>
      <trkpt lat="68.64855392" lon="18.87391116"/>
      <trkpt lat="68.64957735" lon="18.87864416"/>
      <trkpt lat="68.65059877" lon="18.88267444"/>
      <trkpt lat="68.65197072" lon="18.88602183"/>
      <trkpt lat="68.65341987" lon="18.88548673"/>
      <trkpt lat="68.65478737" lon="18.88671292"/>
      <trkpt lat="68.65661027" lon="18.88585889"/>
      <trkpt lat="68.65829989" lon="18.88417521"/>
      <trkpt lat="68.65967025" lon="18.88313343"/>
      <trkpt lat="68.66094715" lon="18.88624395"/>
      <trkpt lat="68.66257860" lon="18.88767600"/>
      <trkpt lat="68.66331403" lon="18.89072643"/>
      <trkpt lat="68.66326952" lon="18.89068360"/>
      <trkpt lat="68.66708622" lon="18.92405874"/>
      <trkpt lat="68.66867862" lon="18.92627827"/>
      <trkpt lat="68.66907114" lon="18.93069059"/>
      <trkpt lat="68.66793707" lon="18.93410353"/>
      <trkpt lat="68.66687240" lon="18.93843094"/>
      <trkpt lat="68.66566490" lon="18.94181354"/>
      <trkpt lat="68.66487566" lon="18.94635133"/>
      <trkpt lat="68.66495269" lon="18.95117386"/>
      <trkpt lat="68.66576892" lon="18.95557185"/>
      <trkpt lat="68.66668331" lon="18.95986204"/>
      <trkpt lat="68.66746542" lon="18.96434158"/>
      <trkpt lat="68.66784319" lon="18.96996081"/>
      <trkpt lat="68.66803824" lon="18.97500009"/>
      <trkpt lat="68.66805257" lon="18.98014172"/>
      <trkpt lat="68.66754798" lon="18.98507397"/>
      <trkpt lat="68.66673645" lon="18.98914573"/>
      <trkpt lat="68.66611124" lon="18.99052279"/>
      <trkpt lat="68.66532451" lon="18.99491482"/>
      <trkpt lat="68.66486670" lon="18.99966242"/>
      <trkpt lat="68.66445724" lon="19.00458838"/>
      <trkpt lat="68.66396178" lon="19.00951467"/>
      <trkpt lat="68.66340363" lon="19.01446603"/>
      <trkpt lat="68.66287926" lon="19.01924665"/>
      <trkpt lat="68.66244843" lon="19.02410229"/>
      <trkpt lat="68.66199195" lon="19.02886522"/>
      <trkpt lat="68.66225188" lon="19.03383032"/>
      <trkpt lat="68.66213126" lon="19.03886441"/>
      <trkpt lat="68.66179414" lon="19.04394276"/>
      <trkpt lat="68.66149935" lon="19.04837670"/>
      <trkpt lat="68.66088521" lon="19.05299890"/>
      <trkpt lat="68.66018842" lon="19.05782696"/>
      <trkpt lat="68.65950865" lon="19.06240616"/>
      <trkpt lat="68.65873039" lon="19.06700380"/>
      <trkpt lat="68.65792447" lon="19.07144319"/>
      <trkpt lat="68.65750998" lon="19.07622742"/>
      <trkpt lat="68.65716565" lon="19.08116645"/>
      <trkpt lat="68.65708577" lon="19.08534165"/>
      <trkpt lat="68.65664966" lon="19.08949262"/>
      <trkpt lat="68.65771266" lon="19.09353395"/>
      <trkpt lat="68.65824969" lon="19.09821734"/>
      <trkpt lat="68.65923632" lon="19.10233671"/>
      <trkpt lat="68.66052319" lon="19.10596347"/>
      <trkpt lat="68.66122375" lon="19.11036800"/>
      <trkpt lat="68.66111278" lon="19.11525020"/>
      <trkpt lat="68.65989983" lon="19.11864613"/>
      <trkpt lat="68.65907690" lon="19.12046392"/>
      <trkpt lat="68.65961501" lon="19.12148567"/>
      <trkpt lat="68.66038632" lon="19.12394819"/>
      <trkpt lat="68.66152450" lon="19.12599337"/>
      <trkpt lat="68.66261724" lon="19.12975299"/>
      <trkpt lat="68.66413194" lon="19.13241232"/>
      <trkpt lat="68.66559617" lon="19.13535001"/>
      <trkpt lat="68.66670216" lon="19.13905950"/>
      <trkpt lat="68.66830210" lon="19.14159897"/>
      <trkpt lat="68.66996314" lon="19.14260169"/>
      <trkpt lat="68.67175402" lon="19.14320352"/>
      <trkpt lat="68.67356460" lon="19.14370735"/>
      <trkpt lat="68.67512547" lon="19.14609276"/>
      <trkpt lat="68.67638276" lon="19.14911963"/>
      <trkpt lat="68.67761037" lon="19.15256795"/>
      <trkpt lat="68.67917838" lon="19.15510833"/>
      <trkpt lat="68.68079483" lon="19.15728687"/>
      <trkpt lat="68.68218186" lon="19.15932460"/>
      <trkpt lat="68.68227918" lon="19.16422776"/>
      <trkpt lat="68.68226367" lon="19.16747524"/>
      <trkpt lat="68.68256575" lon="19.17240120"/>
      <trkpt lat="68.68295903" lon="19.17718627"/>
      <trkpt lat="68.68345390" lon="19.18193067"/>
      <trkpt lat="68.68390024" lon="19.18675287"/>
      <trkpt lat="68.68418111" lon="19.19168905"/>
      <trkpt lat="68.68423610" lon="19.19669691"/>
      <trkpt lat="68.68417022" lon="19.20176083"/>
      <trkpt lat="68.68403401" lon="19.20663885"/>
      <trkpt lat="68.68401205" lon="19.21161745"/>
      <trkpt lat="68.68400216" lon="19.21654081"/>
      <trkpt lat="68.68367468" lon="19.22046212"/>
      <trkpt lat="68.68329397" lon="19.22515322"/>
      <trkpt lat="68.68274563" lon="19.23003006"/>
      <trkpt lat="68.68225059" lon="19.23498494"/>
      <trkpt lat="68.68169378" lon="19.23981040"/>
      <trkpt lat="68.68138039" lon="19.24468422"/>
      <trkpt lat="68.68105911" lon="19.24941178"/>
      <trkpt lat="68.68099457" lon="19.25429860"/>
      <trkpt lat="68.68030298" lon="19.25896296"/>
      <trkpt lat="68.68042351" lon="19.26385238"/>
      <trkpt lat="68.68031178" lon="19.26883492"/>
      <trkpt lat="68.68011841" lon="19.27377379"/>
      <trkpt lat="68.67979654" lon="19.27713124"/>
      <trkpt lat="68.67911568" lon="19.28234914"/>
      <trkpt lat="68.67857396" lon="19.28780476"/>
      <trkpt lat="68.67798949" lon="19.29273189"/>
      <trkpt lat="68.67740669" lon="19.29768358"/>
      <trkpt lat="68.67681644" lon="19.30278867"/>
      <trkpt lat="68.67673346" lon="19.30771245"/>
      <trkpt lat="68.67649717" lon="19.31249684"/>
      <trkpt lat="68.67623465" lon="19.31765892"/>
      <trkpt lat="68.67601287" lon="19.32304974"/>
      <trkpt lat="68.67566787" lon="19.32845573"/>
      <trkpt lat="68.67513453" lon="19.33316242"/>
      <trkpt lat="68.67488123" lon="19.33832148"/>
      <trkpt lat="68.67471091" lon="19.34369478"/>
      <trkpt lat="68.67442776" lon="19.34769136"/>
      <trkpt lat="68.67373349" lon="19.35256300"/>
      <trkpt lat="68.67272054" lon="19.35676787"/>
      <trkpt lat="68.67176877" lon="19.36136040"/>
      <trkpt lat="68.67124574" lon="19.36610204"/>
      <trkpt lat="68.67029800" lon="19.37070186"/>
      <trkpt lat="68.66977095" lon="19.37593804"/>
      <trkpt lat="68.66973574" lon="19.38044163"/>
      <trkpt lat="68.66995728" lon="19.38539945"/>
      <trkpt lat="68.67000111" lon="19.39075707"/>
      <trkpt lat="68.67010597" lon="19.39600532"/>
      <trkpt lat="68.67038609" lon="19.40583629"/>
      <trkpt lat="68.67055977" lon="19.41132241"/>
      <trkpt lat="68.67040797" lon="19.41662237"/>
      <trkpt lat="68.67020362" lon="19.42188830"/>
      <trkpt lat="68.66988838" lon="19.42706379"/>
      <trkpt lat="68.67054493" lon="19.43227055"/>
      <trkpt lat="68.67134976" lon="19.43643618"/>
      <trkpt lat="68.67154808" lon="19.44149508"/>
      <trkpt lat="68.67183566" lon="19.44723182"/>
      <trkpt lat="68.67166048" lon="19.45251980"/>
      <trkpt lat="68.67168697" lon="19.45767869"/>
      <trkpt lat="68.67200037" lon="19.46267087"/>
      <trkpt lat="68.67235702" lon="19.46769398"/>
      <trkpt lat="68.67224327" lon="19.47282479"/>
      <trkpt lat="68.67220161" lon="19.47823263"/>
      <trkpt lat="68.67223095" lon="19.48344307"/>
      <trkpt lat="68.67231829" lon="19.48545808"/>
      <trkpt lat="68.67245114" lon="19.48565028"/>
      <trkpt lat="68.67248559" lon="19.48624891"/>
      <trkpt lat="68.67209961" lon="19.48605957"/>
      <trkpt lat="68.67227043" lon="19.48564877"/>
      <trkpt lat="68.67233380" lon="19.48533151"/>
      <trkpt lat="68.67232055" lon="19.48545339"/>
      <trkpt lat="68.67238987" lon="19.48595789"/>
      <trkpt lat="68.67210573" lon="19.48705357"/>
      <trkpt lat="68.67068449" lon="19.48802546"/>
      <trkpt lat="68.66963407" lon="19.49165205"/>
      <trkpt lat="68.66859698" lon="19.49586807"/>
      <trkpt lat="68.66747363" lon="19.49983958"/>
      <trkpt lat="68.66619883" lon="19.50379131"/>
      <trkpt lat="68.66497591" lon="19.50753383"/>
      <trkpt lat="68.66372793" lon="19.51129991"/>
      <trkpt lat="68.66244684" lon="19.51492977"/>
      <trkpt lat="68.66122342" lon="19.51860750"/>
      <trkpt lat="68.66018054" lon="19.52270315"/>
      <trkpt lat="68.65920614" lon="19.52726006"/>
      <trkpt lat="68.65829151" lon="19.53175426"/>
      <trkpt lat="68.65730882" lon="19.53615812"/>
      <trkpt lat="68.65615496" lon="19.54025251"/>
      <trkpt lat="68.65474949" lon="19.54336974"/>
      <trkpt lat="68.65338743" lon="19.54667028"/>
      <trkpt lat="68.65210592" lon="19.55035262"/>
      <trkpt lat="68.65055686" lon="19.55318998"/>
      <trkpt lat="68.64908936" lon="19.55621760"/>
      <trkpt lat="68.64730979" lon="19.55768217"/>
      <trkpt lat="68.64558312" lon="19.55950331"/>
      <trkpt lat="68.64399576" lon="19.56224972"/>
      <trkpt lat="68.64252926" lon="19.56521164"/>
      <trkpt lat="68.64075330" lon="19.56590817"/>
      <trkpt lat="68.63912872" lon="19.56680437"/>
      <trkpt lat="68.63750724" lon="19.56902423"/>
      <trkpt lat="68.63636781" lon="19.57294579"/>
      <trkpt lat="68.63619782" lon="19.57769338"/>
      <trkpt lat="68.63646328" lon="19.58270735"/>
      <trkpt lat="68.63709209" lon="19.58771059"/>
      <trkpt lat="68.63786657" lon="19.59226306"/>
      <trkpt lat="68.63891372" lon="19.59596970"/>
      <trkpt lat="68.63947883" lon="19.60069735"/>
      <trkpt lat="68.64050386" lon="19.60562674"/>
      <trkpt lat="68.64171487" lon="19.60937396"/>
      <trkpt lat="68.64288976" lon="19.61150439"/>
      <trkpt lat="68.64419357" lon="19.61511305"/>
      <trkpt lat="68.64557398" lon="19.61868307"/>
      <trkpt lat="68.64662357" lon="19.62273354"/>
      <trkpt lat="68.64769167" lon="19.62703069"/>
      <trkpt lat="68.64882985" lon="19.63111502"/>
      <trkpt lat="68.64978447" lon="19.63378038"/>
      <trkpt lat="68.65089406" lon="19.63621625"/>
      <trkpt lat="68.65241798" lon="19.63619789"/>
      <trkpt lat="68.65440281" lon="19.63562968"/>
      <trkpt lat="68.65599412" lon="19.63699082"/>
      <trkpt lat="68.65749657" lon="19.63839672"/>
      <trkpt lat="68.65883147" lon="19.64167907"/>
      <trkpt lat="68.65989162" lon="19.64525320"/>
      <trkpt lat="68.66002128" lon="19.64979887"/>
      <trkpt lat="68.66025925" lon="19.65418914"/>
      <trkpt lat="68.66174695" lon="19.65820835"/>
      <trkpt lat="68.66294330" lon="19.66126389"/>
      <trkpt lat="68.66419564" lon="19.66472310"/>
      <trkpt lat="68.66524380" lon="19.66855606"/>
      <trkpt lat="68.66652950" lon="19.67054944"/>
      <trkpt lat="68.66782215" lon="19.67457050"/>
      <trkpt lat="68.66906745" lon="19.67822291"/>
      <trkpt lat="68.67004177" lon="19.68231579"/>
      <trkpt lat="68.67092094" lon="19.68587534"/>
      <trkpt lat="68.67180155" lon="19.69027894"/>
      <trkpt lat="68.67276052" lon="19.69425431"/>
      <trkpt lat="68.67346963" lon="19.69892839"/>
      <trkpt lat="68.67400825" lon="19.70379802"/>
      <trkpt lat="68.67438544" lon="19.70832375"/>
      <trkpt lat="68.67478073" lon="19.71085475"/>
      <trkpt lat="68.67591656" lon="19.71462409"/>
      <trkpt lat="68.67661284" lon="19.71919701"/>
      <trkpt lat="68.67668250" lon="19.72372516"/>
      <trkpt lat="68.67659541" lon="19.72775317"/>
      <trkpt lat="68.67638787" lon="19.73015081"/>
      <trkpt lat="68.67640413" lon="19.73480771"/>
      <trkpt lat="68.67666112" lon="19.73963410"/>
      <trkpt lat="68.67723009" lon="19.74442922"/>
      <trkpt lat="68.67819375" lon="19.74821239"/>
      <trkpt lat="68.67959655" lon="19.75144512"/>
      <trkpt lat="68.68084026" lon="19.75481314"/>
      <trkpt lat="68.68113421" lon="19.75685765"/>
      <trkpt lat="68.68178557" lon="19.76037746"/>
      <trkpt lat="68.68234288" lon="19.76251518"/>
      <trkpt lat="68.68374668" lon="19.76459113"/>
      <trkpt lat="68.68533832" lon="19.76627723"/>
      <trkpt lat="68.68706348" lon="19.76727636"/>
      <trkpt lat="68.68748526" lon="19.77056617"/>
      <trkpt lat="68.68677858" lon="19.77346254"/>
      <trkpt lat="68.68628824" lon="19.77649075"/>
      <trkpt lat="68.68462301" lon="19.77632663"/>
      <trkpt lat="68.68337352" lon="19.77874389"/>
      <trkpt lat="68.68234481" lon="19.77988911"/>
      <trkpt lat="68.68061495" lon="19.78031566"/>
      <trkpt lat="68.67927745" lon="19.78162844"/>
      <trkpt lat="68.67765748" lon="19.78186833"/>
      <trkpt lat="68.67657756" lon="19.78385677"/>
      <trkpt lat="68.67596308" lon="19.78607303"/>
      <trkpt lat="68.67486019" lon="19.78958563"/>
      <trkpt lat="68.67497921" lon="19.79331608"/>
      <trkpt lat="68.67453229" lon="19.79764055"/>
      <trkpt lat="68.67522036" lon="19.80158910"/>
      <trkpt lat="68.67497401" lon="19.80614550"/>
      <trkpt lat="68.67604597" lon="19.80982156"/>
      <trkpt lat="68.67625996" lon="19.81449723"/>
      <trkpt lat="68.67593349" lon="19.81923779"/>
      <trkpt lat="68.67568346" lon="19.82093965"/>
      <trkpt lat="68.67451443" lon="19.82476280"/>
      <trkpt lat="68.67311105" lon="19.82783494"/>
      <trkpt lat="68.67204194" lon="19.83038077"/>
      <trkpt lat="68.67061777" lon="19.83341720"/>
      <trkpt lat="68.66915764" lon="19.83606974"/>
      <trkpt lat="68.66762669" lon="19.83876133"/>
      <trkpt lat="68.66615893" lon="19.84178896"/>
      <trkpt lat="68.66466838" lon="19.84452792"/>
      <trkpt lat="68.66358611" lon="19.84738656"/>
      <trkpt lat="68.66319451" lon="19.85152320"/>
      <trkpt lat="68.66267508" lon="19.85586184"/>
      <trkpt lat="68.66200344" lon="19.86030433"/>
      <trkpt lat="68.66114656" lon="19.86468958"/>
      <trkpt lat="68.66163857" lon="19.86950641"/>
      <trkpt lat="68.66210427" lon="19.87468977"/>
      <trkpt lat="68.66254793" lon="19.87956662"/>
      <trkpt lat="68.66184812" lon="19.88270715"/>
      <trkpt lat="68.66113826" lon="19.88710346"/>
      <trkpt lat="68.66142006" lon="19.89163337"/>
      <trkpt lat="68.66149583" lon="19.89667282"/>
      <trkpt lat="68.66210360" lon="19.90136744"/>
      <trkpt lat="68.66263317" lon="19.90603826"/>
      <trkpt lat="68.66381711" lon="19.90944567"/>
      <trkpt lat="68.66512318" lon="19.91284328"/>
      <trkpt lat="68.66520926" lon="19.91738074"/>
      <trkpt lat="68.66554856" lon="19.92232162"/>
      <trkpt lat="68.66569013" lon="19.92751789"/>
      <trkpt lat="68.66594536" lon="19.93241368"/>
      <trkpt lat="68.66622766" lon="19.93734132"/>
      <trkpt lat="68.66656319" lon="19.94242888"/>
      <trkpt lat="68.66684692" lon="19.94749876"/>
      <trkpt lat="68.66729401" lon="19.95244316"/>
      <trkpt lat="68.66776398" lon="19.95742653"/>
      <trkpt lat="68.66821426" lon="19.96217757"/>
      <trkpt lat="68.66872841" lon="19.96695651"/>
      <trkpt lat="68.66921254" lon="19.97179748"/>
      <trkpt lat="68.66959417" lon="19.97685738"/>
      <trkpt lat="68.66994755" lon="19.98171243"/>
      <trkpt lat="68.67045667" lon="19.98670846"/>
      <trkpt lat="68.67125739" lon="19.99116856"/>
      <trkpt lat="68.67207916" lon="19.99576787"/>
      <trkpt lat="68.67283378" lon="20.00019662"/>
      <trkpt lat="68.67348371" lon="20.00494589"/>
      <trkpt lat="68.67443900" lon="20.00916962"/>
      <trkpt lat="68.67505347" lon="20.01477803"/>
      <trkpt lat="68.67520728" lon="20.02024940"/>
      <trkpt lat="68.67522396" lon="20.02530185"/>
      <trkpt lat="68.67529135" lon="20.03060633"/>
      <trkpt lat="68.67529009" lon="20.03651641"/>
      <trkpt lat="68.67622132" lon="20.04067568"/>
      <trkpt lat="68.67739596" lon="20.04335110"/>
      <trkpt lat="68.67866146" lon="20.04629223"/>
      <trkpt lat="68.68035729" lon="20.04939227"/>
      <trkpt lat="68.68207600" lon="20.05082306"/>
      <trkpt lat="68.68385481" lon="20.05231295"/>
      <trkpt lat="68.68575021" lon="20.05265652"/>
      <trkpt lat="68.68750672" lon="20.05364232"/>
      <trkpt lat="68.68952173" lon="20.05380576"/>
      <trkpt lat="68.69149885" lon="20.05292977"/>
      <trkpt lat="68.69327649" lon="20.05180417"/>
      <trkpt lat="68.69509938" lon="20.05106974"/>
      <trkpt lat="68.69691968" lon="20.04985915"/>
      <trkpt lat="68.69892907" lon="20.04960618"/>
      <trkpt lat="68.70075499" lon="20.05100621"/>
      <trkpt lat="68.70248375" lon="20.05220775"/>
      <trkpt lat="68.70437312" lon="20.05242820"/>
      <trkpt lat="68.70624974" lon="20.05250204"/>
      <trkpt lat="68.70811203" lon="20.05280287"/>
      <trkpt lat="68.71009972" lon="20.05365958"/>
      <trkpt lat="68.71192337" lon="20.05514729"/>
      <trkpt lat="68.71356404" lon="20.05677698"/>
      <trkpt lat="68.71540982" lon="20.05637197"/>
      <trkpt lat="68.71705326" lon="20.05752532"/>
      <trkpt lat="68.71880491" lon="20.05613308"/>
      <trkpt lat="68.72054030" lon="20.05435210"/>
      <trkpt lat="68.72221316" lon="20.05255896"/>
      <trkpt lat="68.72397755" lon="20.05060270"/>
      <trkpt lat="68.72570490" lon="20.04860329"/>
      <trkpt lat="68.72739661" lon="20.04649532"/>
      <trkpt lat="68.72909253" lon="20.04452381"/>
      <trkpt lat="68.73078852" lon="20.04252347"/>
      <trkpt lat="68.73245107" lon="20.04041718"/>
      <trkpt lat="68.73422971" lon="20.03831207"/>
      <trkpt lat="68.73580123" lon="20.03583572"/>
      <trkpt lat="68.73739069" lon="20.03311688"/>
      <trkpt lat="68.73880791" lon="20.03007769"/>
      <trkpt lat="68.74060205" lon="20.02845587"/>
      <trkpt lat="68.74239435" lon="20.02661311"/>
      <trkpt lat="68.74428682" lon="20.02474512"/>
      <trkpt lat="68.74602565" lon="20.02263992"/>
      <trkpt lat="68.74781476" lon="20.02059180"/>
      <trkpt lat="68.74961964" lon="20.01867880"/>
      <trkpt lat="68.75123693" lon="20.01634117"/>
      <trkpt lat="68.75281633" lon="20.01379978"/>
      <trkpt lat="68.75443437" lon="20.01164597"/>
      <trkpt lat="68.75620991" lon="20.01028391"/>
      <trkpt lat="68.75792552" lon="20.00911178"/>
      <trkpt lat="68.75971229" lon="20.00964177"/>
      <trkpt lat="68.76124458" lon="20.01069093"/>
      <trkpt lat="68.76255702" lon="20.01291373"/>
      <trkpt lat="68.76317619" lon="20.01772670"/>
      <trkpt lat="68.76416534" lon="20.02173367"/>
      <trkpt lat="68.76585455" lon="20.02315432"/>
      <trkpt lat="68.76751333" lon="20.02494377"/>
      <trkpt lat="68.76919046" lon="20.02726455"/>
      <trkpt lat="68.77088654" lon="20.02870549"/>
      <trkpt lat="68.77261464" lon="20.03064204"/>
      <trkpt lat="68.77403654" lon="20.03029034"/>
      <trkpt lat="68.77431113" lon="20.03528302"/>
      <trkpt lat="68.77590730" lon="20.03648833"/>
      <trkpt lat="68.77783530" lon="20.03780622"/>
      <trkpt lat="68.77958662" lon="20.03930306"/>
      <trkpt lat="68.78125001" lon="20.04105287"/>
      <trkpt lat="68.78250327" lon="20.04343475"/>
      <trkpt lat="68.78417714" lon="20.04599065"/>
      <trkpt lat="68.78580356" lon="20.04858878"/>
      <trkpt lat="68.78752545" lon="20.04986233"/>
      <trkpt lat="68.78928180" lon="20.05071058"/>
      <trkpt lat="68.79069423" lon="20.05412310"/>
      <trkpt lat="68.79260338" lon="20.05641254"/>
      <trkpt lat="68.79441379" lon="20.05753186"/>
      <trkpt lat="68.79638689" lon="20.05861916"/>
      <trkpt lat="68.79812563" lon="20.06018263"/>
      <trkpt lat="68.79970872" lon="20.06267516"/>
      <trkpt lat="68.80123163" lon="20.06602314"/>
      <trkpt lat="68.80295478" lon="20.06768410"/>
      <trkpt lat="68.80449931" lon="20.07049514"/>
      <trkpt lat="68.80578753" lon="20.07396508"/>
      <trkpt lat="68.80742577" lon="20.07703898"/>
      <trkpt lat="68.80901003" lon="20.07989167"/>
      <trkpt lat="68.81039388" lon="20.08309767"/>
      <trkpt lat="68.81169928" lon="20.08685603"/>
      <trkpt lat="68.81299580" lon="20.09068321"/>
      <trkpt lat="68.81421595" lon="20.09448624"/>
      <trkpt lat="68.81537651" lon="20.09829598"/>
      <trkpt lat="68.81663421" lon="20.10205929"/>
      <trkpt lat="68.81793047" lon="20.10584020"/>
      <trkpt lat="68.81906848" lon="20.10908249"/>
      <trkpt lat="68.81908315" lon="20.10907059"/>
      <trkpt lat="68.81956955" lon="20.10973921"/>
      <trkpt lat="68.82136445" lon="20.11069894"/>
      <trkpt lat="68.82317595" lon="20.11163528"/>
      <trkpt lat="68.82492819" lon="20.11224800"/>
      <trkpt lat="68.82673767" lon="20.11229879"/>
      <trkpt lat="68.82859720" lon="20.11183904"/>
      <trkpt lat="68.83045631" lon="20.11122817"/>
      <trkpt lat="68.83227945" lon="20.11054396"/>
      <trkpt lat="68.83400512" lon="20.11118190"/>
      <trkpt lat="68.83570598" lon="20.11152363"/>
      <trkpt lat="68.83700693" lon="20.11348450"/>
      <trkpt lat="68.83836245" lon="20.11501218"/>
      <trkpt lat="68.83984353" lon="20.11766707"/>
      <trkpt lat="68.84153735" lon="20.11942291"/>
      <trkpt lat="68.84325279" lon="20.12128729"/>
      <trkpt lat="68.84479120" lon="20.12317146"/>
      <trkpt lat="68.84652458" lon="20.12410152"/>
      <trkpt lat="68.84786041" lon="20.12450888"/>
      <trkpt lat="68.84865233" lon="20.12820471"/>
      <trkpt lat="68.85032569" lon="20.12805359"/>
      <trkpt lat="68.85216611" lon="20.12811561"/>
      <trkpt lat="68.85391256" lon="20.12973558"/>
      <trkpt lat="68.85563605" lon="20.12995452"/>
      <trkpt lat="68.85738853" lon="20.12914097"/>
      <trkpt lat="68.85902208" lon="20.13038225"/>
      <trkpt lat="68.86063484" lon="20.12739267"/>
      <trkpt lat="68.86214920" lon="20.12461189"/>
      <trkpt lat="68.86362190" lon="20.12124203"/>
      <trkpt lat="68.86456897" lon="20.11787527"/>
      <trkpt lat="68.86594880" lon="20.11404818"/>
      <trkpt lat="68.86741639" lon="20.11128668"/>
      <trkpt lat="68.86849623" lon="20.10989352"/>
      <trkpt lat="68.87014654" lon="20.10802461"/>
      <trkpt lat="68.87133426" lon="20.10390616"/>
      <trkpt lat="68.87246657" lon="20.09974044"/>
      <trkpt lat="68.87346268" lon="20.09519108"/>
      <trkpt lat="68.87441411" lon="20.09091706"/>
      <trkpt lat="68.87566946" lon="20.08725417"/>
      <trkpt lat="68.87694854" lon="20.08375204"/>
      <trkpt lat="68.87842828" lon="20.07998647"/>
      <trkpt lat="68.88005831" lon="20.07755295"/>
      <trkpt lat="68.88153981" lon="20.07477947"/>
      <trkpt lat="68.88295711" lon="20.07182878"/>
      <trkpt lat="68.88469107" lon="20.06771193"/>
      <trkpt lat="68.88589103" lon="20.06405390"/>
      <trkpt lat="68.88745107" lon="20.05923665"/>
      <trkpt lat="68.88853317" lon="20.05525055"/>
      <trkpt lat="68.88905587" lon="20.05087612"/>
      <trkpt lat="68.89063837" lon="20.05197273"/>
      <trkpt lat="68.89092931" lon="20.04829039"/>
      <trkpt lat="68.89241592" lon="20.04605016"/>
      <trkpt lat="68.89403078" lon="20.04664812"/>
      <trkpt lat="68.89561462" lon="20.04569384"/>
      <trkpt lat="68.89647502" lon="20.04303083"/>
      <trkpt lat="68.89774363" lon="20.04747902"/>
      <trkpt lat="68.89893536" lon="20.05110579"/>
      <trkpt lat="68.90007799" lon="20.05637373"/>
      <trkpt lat="68.90120921" lon="20.06035547"/>
      <trkpt lat="68.90151515" lon="20.06558033"/>
      <trkpt lat="68.90147801" lon="20.07119964"/>
      <trkpt lat="68.90218142" lon="20.07656925"/>
      <trkpt lat="68.90322296" lon="20.08264261"/>
      <trkpt lat="68.90407062" lon="20.08996261"/>
      <trkpt lat="68.90510906" lon="20.09957389"/>
      <trkpt lat="68.90552103" lon="20.10448342"/>
      <trkpt lat="68.90598387" lon="20.11351056"/>
      <trkpt lat="68.90599335" lon="20.11881262"/>
      <trkpt lat="68.90603643" lon="20.12532033"/>
      <trkpt lat="68.90630339" lon="20.13053555"/>
      <trkpt lat="68.90660087" lon="20.13634748"/>
      <trkpt lat="68.90852778" lon="20.15148377"/>
      <trkpt lat="68.91432747" lon="20.16623575"/>
      <trkpt lat="68.91456292" lon="20.17126422"/>
      <trkpt lat="68.91400175" lon="20.17703592"/>
      <trkpt lat="68.91326305" lon="20.18247385"/>
      <trkpt lat="68.91241623" lon="20.18854201"/>
      <trkpt lat="68.91162263" lon="20.19488292"/>
      <trkpt lat="68.91139833" lon="20.20009068"/>
      <trkpt lat="68.91191457" lon="20.20721781"/>
      <trkpt lat="68.91296223" lon="20.21386416"/>
      <trkpt lat="68.91374652" lon="20.21932438"/>
      <trkpt lat="68.91468404" lon="20.22418127"/>
      <trkpt lat="68.91562985" lon="20.22846820"/>
      <trkpt lat="68.91659922" lon="20.23426169"/>
      <trkpt lat="68.91807142" lon="20.23892504"/>
      <trkpt lat="68.91995885" lon="20.24113418"/>
      <trkpt lat="68.92222364" lon="20.24068625"/>
      <trkpt lat="68.92408258" lon="20.24480461"/>
      <trkpt lat="68.92587405" lon="20.24916890"/>
      <trkpt lat="68.92788612" lon="20.25371935"/>
      <trkpt lat="68.93023524" lon="20.25998005"/>
      <trkpt lat="68.93278845" lon="20.26341361"/>
      <trkpt lat="68.93783108" lon="20.27753519"/>
      <trkpt lat="68.93554090" lon="20.26972359"/>
      <trkpt lat="68.93987660" lon="20.28191624"/>
      <trkpt lat="68.94217718" lon="20.28895461"/>
      <trkpt lat="68.94540531" lon="20.29867745"/>
      <trkpt lat="68.94731328" lon="20.30483136"/>
      <trkpt lat="68.94875698" lon="20.30861378"/>
      <trkpt lat="68.95127499" lon="20.31298955"/>
      <trkpt lat="68.95361773" lon="20.31763254"/>
      <trkpt lat="68.95509990" lon="20.32133910"/>
      <trkpt lat="68.95647646" lon="20.32484299"/>
      <trkpt lat="68.95773995" lon="20.32917190"/>
      <trkpt lat="68.95896094" lon="20.33432501"/>
      <trkpt lat="68.96033867" lon="20.33788003"/>
      <trkpt lat="68.96271025" lon="20.34210468"/>
      <trkpt lat="68.96515466" lon="20.34447064"/>
      <trkpt lat="68.96705191" lon="20.34607183"/>
      <trkpt lat="68.96892786" lon="20.34772089"/>
      <trkpt lat="68.97094656" lon="20.35160732"/>
      <trkpt lat="68.97261028" lon="20.35640127"/>
      <trkpt lat="68.97422531" lon="20.36227413"/>
      <trkpt lat="68.97505989" lon="20.37009277"/>
      <trkpt lat="68.97710105" lon="20.37544948"/>
      <trkpt lat="68.97898472" lon="20.38281256"/>
      <trkpt lat="68.98051358" lon="20.38809274"/>
      <trkpt lat="68.98143148" lon="20.39488058"/>
      <trkpt lat="68.98215970" lon="20.40138946"/>
      <trkpt lat="68.98224670" lon="20.41066839"/>
      <trkpt lat="68.98224670" lon="20.41635308"/>
      <trkpt lat="68.98300418" lon="20.42501461"/>
      <trkpt lat="68.98491533" lon="20.43309468"/>
      <trkpt lat="68.98682021" lon="20.44160114"/>
      <trkpt lat="68.98901886" lon="20.44681753"/>
      <trkpt lat="68.99056038" lon="20.44956562"/>
      <trkpt lat="68.99271713" lon="20.45297127"/>
      <trkpt lat="68.99418924" lon="20.45692200"/>
      <trkpt lat="68.99730287" lon="20.46408668"/>
      <trkpt lat="68.99973521" lon="20.46992040"/>
      <trkpt lat="69.00150832" lon="20.47332656"/>
      <trkpt lat="69.00356616" lon="20.47690538"/>
      <trkpt lat="69.00594528" lon="20.48001079"/>
      <trkpt lat="69.00825617" lon="20.48232855"/>
      <trkpt lat="69.01009935" lon="20.48420828"/>
      <trkpt lat="69.01217136" lon="20.48675696"/>
      <trkpt lat="69.01444771" lon="20.49047853"/>
      <trkpt lat="69.01675927" lon="20.49448617"/>
      <trkpt lat="69.01908601" lon="20.49877653"/>
      <trkpt lat="69.02159295" lon="20.50078953"/>
      <trkpt lat="69.02322549" lon="20.50367240"/>
      <trkpt lat="69.02468252" lon="20.50974634"/>
      <trkpt lat="69.02721796" lon="20.51322542"/>
      <trkpt lat="69.02978165" lon="20.51720213"/>
      <trkpt lat="69.03376012" lon="20.51795592"/>
      <trkpt lat="69.03662841" lon="20.51795592"/>
      <trkpt lat="69.03957104" lon="20.51795592"/>
      <trkpt lat="69.04223607" lon="20.51895227"/>
      <trkpt lat="69.04482448" lon="20.51934455"/>
      <trkpt lat="69.04673807" lon="20.51944965"/>
      <trkpt lat="69.04838805" lon="20.52152736"/>
      <trkpt lat="69.05040205" lon="20.52475800"/>
      <trkpt lat="69.05318711" lon="20.52690343"/>
      <trkpt lat="69.05501076" lon="20.53000398"/>
      <trkpt lat="69.05785700" lon="20.53475266"/>
      <trkpt lat="69.06000520" lon="20.54028522"/>
      <trkpt lat="69.06028750" lon="20.54436034"/>
    </trkseg>
  </trk>
</gpx>
